ticker,timeframe,n_mu,x,bear_alloc_1d,ema_pair,sharpe,cagr,max_drawdown,total_return,num_trades,n_skipped
BTC-USD,1d,3,0.0,0.5,9/21,0.807639210937595,0.3242817351271632,-0.6932490790715118,27.3235372466968,91,14
BTC-USD,1d,3,0.0,0.5,12/26,0.8558122610026319,0.4630777802924646,-0.6314867024417405,91.7831735848034,68,9
BTC-USD,1d,3,0.0,0.75,9/21,0.9189458507046728,0.30877989664470906,-0.7772645796767655,23.618933291778223,91,14
BTC-USD,1d,3,0.0,0.75,12/26,0.9168237909417793,0.4739137519366232,-0.6871470567085924,100.30243674860807,68,9
BTC-USD,1d,3,0.0,1.0,9/21,1.0252716139781086,0.2847282059279075,-0.8460936464661298,18.741135604870365,91,14
BTC-USD,1d,3,0.0,1.0,12/26,0.987009410160357,0.47551548152621614,-0.7565978695723907,101.62079251763322,68,9
BTC-USD,1d,3,0.25,0.5,9/21,0.8557681979872906,0.39310227110267193,-0.7163563981652268,50.770616425951246,97,9
BTC-USD,1d,3,0.25,0.5,12/26,0.855424822085224,0.4516150582975109,-0.6343951567775098,83.48957998434004,72,7
BTC-USD,1d,3,0.25,0.75,9/21,0.9662308654795805,0.3880624264676109,-0.7664559614055872,48.58441793976945,97,9
BTC-USD,1d,3,0.25,0.75,12/26,0.9231554215454938,0.4632050750369765,-0.7174825643684487,91.8793213132979,72,7
BTC-USD,1d,3,0.25,1.0,9/21,1.0737099950797142,0.3740289487371291,-0.8070205551565378,42.93474681821547,97,9
BTC-USD,1d,3,0.25,1.0,12/26,0.9988722137966702,0.46682348614280134,-0.7774119342703969,94.65083176686429,72,7
BTC-USD,1d,3,0.5,0.5,9/21,0.8395691917217092,0.32251892311647223,-0.7560260952916471,26.87793829304125,111,4
BTC-USD,1d,3,0.5,0.5,12/26,0.8453123328762562,0.41696361620752187,-0.6251329529169465,62.370812064017514,80,3
BTC-USD,1d,3,0.5,0.75,9/21,0.9746145112371236,0.30322337277856826,-0.8114854655858008,22.403033053637316,111,4
BTC-USD,1d,3,0.5,0.75,12/26,0.9291796073631996,0.42217981383942993,-0.6823189885987135,65.20442598316446,80,3
BTC-USD,1d,3,0.5,1.0,9/21,1.1000223498588608,0.27438758884880166,-0.8585667162734798,16.93038775906438,111,4
BTC-USD,1d,3,0.5,1.0,12/26,1.0168400651369527,0.4195167408125946,-0.7270691796764508,63.743571160572955,80,3
BTC-USD,1d,3,0.75,0.5,9/21,0.8506153898895079,0.32648759112856474,-0.7032059955671958,27.890315294750387,117,1
BTC-USD,1d,3,0.75,0.5,12/26,0.8792496026656877,0.4653522864059174,-0.6566829400382179,93.51495918342474,82,2
BTC-USD,1d,3,0.75,0.75,9/21,0.9918979502741903,0.30706628884159803,-0.7619594976997937,23.237922990238157,117,1
BTC-USD,1d,3,0.75,0.75,12/26,0.958998911848827,0.47847420229942905,-0.7137203880251346,104.09747294202568,82,2
BTC-USD,1d,3,0.75,1.0,9/21,1.1225315064812864,0.27788160793347494,-0.8142646766457597,17.524456329026854,117,1
BTC-USD,1d,3,0.75,1.0,12/26,1.0451967460991503,0.48332346742039967,-0.7616731484886491,108.27535707968936,82,2
BTC-USD,1d,5,0.0,0.5,9/21,0.7750391831363557,0.3075312529611234,-0.7276087304408787,23.34076734642226,77,23
BTC-USD,1d,5,0.0,0.5,12/26,0.7776398628394918,0.3491409718947689,-0.7002348754391594,34.34284985711135,64,13
BTC-USD,1d,5,0.0,0.75,9/21,0.866928409695582,0.2865182551376364,-0.8012619248159183,19.071085895688586,77,23
BTC-USD,1d,5,0.0,0.75,12/26,0.8448544171641048,0.34070830044449196,-0.7597823735441782,31.80080495344142,64,13
BTC-USD,1d,5,0.0,1.0,9/21,0.9588352156142439,0.25655088159628137,-0.8656974374317885,14.160559477163067,77,23
BTC-USD,1d,5,0.0,1.0,12/26,0.9178657288319677,0.32348585500821536,-0.8526094828597246,27.121555159382318,64,13
BTC-USD,1d,5,0.25,0.5,9/21,0.8269914753688314,0.36518019026079296,-0.7456647153436983,39.682206205287464,87,15
BTC-USD,1d,5,0.25,0.5,12/26,0.7783974773432142,0.3357335149073368,-0.6788876384125222,30.38083963369901,70,9
BTC-USD,1d,5,0.25,0.75,9/21,0.9262321546322878,0.3528403532540707,-0.7977261413237093,35.51395857321114,87,15
BTC-USD,1d,5,0.25,0.75,12/26,0.8570411590014709,0.33054682464069063,-0.7597918824360509,28.960534561086064,70,9
BTC-USD,1d,5,0.25,1.0,9/21,1.0250894596405469,0.33150959627641563,-0.8413174292724743,29.219640595688233,87,15
BTC-USD,1d,5,0.25,1.0,12/26,0.9390260268124916,0.3186613650013985,-0.8173200512569772,25.925149329842878,70,9
BTC-USD,1d,5,0.5,0.5,9/21,0.7998706034359774,0.2682094742852712,-0.8519322314393325,15.922487656593955,105,8
BTC-USD,1d,5,0.5,0.5,12/26,0.8018715609331923,0.3557032470914192,-0.7241850019637184,36.44454232928557,76,5
BTC-USD,1d,5,0.5,0.75,9/21,0.9333766415865614,0.23808024149362716,-0.8941392357762112,11.710197373915557,105,8
BTC-USD,1d,5,0.5,0.75,12/26,0.8873493145560847,0.3526328677430106,-0.776761237971045,35.447345768678304,76,5
BTC-USD,1d,5,0.5,1.0,9/21,1.0568839390150702,0.19899182725475306,-0.9265434575980264,7.675377200390519,105,8
BTC-USD,1d,5,0.5,1.0,12/26,0.9750559453764177,0.34237501465321984,-0.8149191845376373,32.28954495212599,76,5
BTC-USD,1d,5,0.75,0.5,9/21,0.8499983192802828,0.34608661036312083,-0.7686677146282591,33.401975691854645,109,5
BTC-USD,1d,5,0.75,0.5,12/26,0.8402917359078359,0.39989565236591074,-0.713807325632589,53.857259051448665,82,2
BTC-USD,1d,5,0.75,0.75,9/21,0.9782820663102016,0.32468598355412115,-0.8256923433177406,27.426637353294886,109,5
BTC-USD,1d,5,0.75,0.75,12/26,0.9281918265617756,0.40375023110156105,-0.7642855286740612,55.68269429181615,82,2
BTC-USD,1d,5,0.75,1.0,9/21,1.1000160744115242,0.292128068914715,-0.8735032696093341,20.138112241459623,109,5
BTC-USD,1d,5,0.75,1.0,12/26,1.0193238925323547,0.39996765820058733,-0.8054468109230403,53.89085977617562,82,2
BTC-USD,1d,8,0.0,0.5,9/21,0.7665201690083233,0.3136431306694205,-0.727140753668188,24.730322396708537,69,26
BTC-USD,1d,8,0.0,0.5,12/26,0.7382645661935533,0.29705365046073995,-0.7683956648398731,21.117568693438383,58,19
BTC-USD,1d,8,0.0,0.75,9/21,0.8440443494245867,0.28835211183100906,-0.7780041258305621,19.414342693995525,69,26
BTC-USD,1d,8,0.0,0.75,12/26,0.8018773053362044,0.2820080894741168,-0.8283750752344139,18.24925279805586,58,19
BTC-USD,1d,8,0.0,1.0,9/21,0.9254448222000505,0.2520123340185807,-0.8685397670705184,13.52135790692735,69,26
BTC-USD,1d,8,0.0,1.0,12/26,0.8708229783671447,0.25937678021456545,-0.8717170778070178,14.571467525109131,58,19
BTC-USD,1d,8,0.25,0.5,9/21,0.8322318306471792,0.39427129688139373,-0.7102960357745751,51.29017337647459,79,18
BTC-USD,1d,8,0.25,0.5,12/26,0.7297037112838924,0.2707073472491417,-0.7683956648398731,16.323569916131202,64,13
BTC-USD,1d,8,0.25,0.75,9/21,0.9161998767703254,0.38612891834740126,-0.7627735661822223,47.76838601034253,79,18
BTC-USD,1d,8,0.25,0.75,12/26,0.8062580505984506,0.25436355450791015,-0.8283750752344138,13.849350748835837,64,13
BTC-USD,1d,8,0.25,1.0,9/21,1.004043453378946,0.36830756219632477,-0.8006540280084464,40.805637198197886,79,18
BTC-USD,1d,8,0.25,1.0,12/26,0.8853596400093339,0.23128630462907895,-0.8717170778070178,10.904275340294697,64,13
BTC-USD,1d,8,0.5,0.5,9/21,0.7991222774406977,0.2908767398548555,-0.8124801960842798,19.895696403004216,97,11
BTC-USD,1d,8,0.5,0.5,12/26,0.8089396623597489,0.37489209000539203,-0.7961717063668339,43.26443461806754,68,9
BTC-USD,1d,8,0.5,0.75,9/21,0.9204213439700869,0.26542651917241544,-0.8584464886579012,15.48565961512838,97,11
BTC-USD,1d,8,0.5,0.75,12/26,0.8781364002720129,0.3753784983277433,-0.853652237211484,43.451221304201226,68,9
BTC-USD,1d,8,0.5,1.0,9/21,1.034840404390984,0.2309647226633722,-0.8956898465763545,10.867314829975198,97,11
BTC-USD,1d,8,0.5,1.0,12/26,0.9538376562773537,0.368515840824694,-0.8942372170677537,40.88145601685233,68,9
BTC-USD,1d,8,0.75,0.5,9/21,0.8430886867431581,0.34151739574094697,-0.7714521541793724,32.03723360312064,107,5
BTC-USD,1d,8,0.75,0.5,12/26,0.8388220297364827,0.40411978628740175,-0.7285860896522265,55.86059764916284,76,5
BTC-USD,1d,8,0.75,0.75,9/21,0.9694461586624413,0.32051431121606355,-0.8265872917290882,26.379026577862014,107,5
BTC-USD,1d,8,0.75,0.75,12/26,0.9158186184763986,0.40662360862369007,-0.7960785064346824,57.07947023314108,76,5
BTC-USD,1d,8,0.75,1.0,9/21,1.0895821085883362,0.28890307430699114,-0.8728348001351909,19.518516002793085,107,5
BTC-USD,1d,8,0.75,1.0,12/26,0.9986723919481516,0.40070504976794163,-0.8458693392630809,54.236042086256745,76,5
BTC-USD,1d,12,0.0,0.5,9/21,0.7288189226113946,0.2798189279474821,-0.7584094348185018,17.86156501799336,61,35
BTC-USD,1d,12,0.0,0.5,12/26,0.772890795036942,0.3564572677589446,-0.7402451566629737,36.69322486421885,50,22
BTC-USD,1d,12,0.0,0.75,9/21,0.7983408752622047,0.2521466343730536,-0.8090469461788763,13.539912460688292,61,35
BTC-USD,1d,12,0.0,0.75,12/26,0.8124326355486465,0.3487905019760775,-0.785662840593564,34.23370565704853,50,22
BTC-USD,1d,12,0.0,1.0,9/21,0.8727464550274452,0.2140601921438927,-0.8447456228538197,9.066065521910762,61,35
BTC-USD,1d,12,0.0,1.0,12/26,0.8642261687047719,0.33226796185075114,-0.8200948102694946,29.425179211367247,50,22
BTC-USD,1d,12,0.25,0.5,9/21,0.8103808162679907,0.38177144214886294,-0.7030953736872546,45.974230464055694,69,27
BTC-USD,1d,12,0.25,0.5,12/26,0.7412940768707145,0.30284059624130055,-0.7598722254228802,22.321332701782385,56,15
BTC-USD,1d,12,0.25,0.75,9/21,0.8815022079722422,0.37540269325148046,-0.7548157631421483,43.46053127019355,69,27
BTC-USD,1d,12,0.25,0.75,12/26,0.799074933207131,0.2910210976852119,-0.8092265633777523,19.923531834397934,56,15
BTC-USD,1d,12,0.25,1.0,9/21,0.9589533587848101,0.3598535948658048,-0.791768250177709,37.83222772471406,69,27
BTC-USD,1d,12,0.25,1.0,12/26,0.8645055908394728,0.2722463153928112,-0.8482627846576616,16.574996983278723,56,15
BTC-USD,1d,12,0.5,0.5,9/21,0.7992799426968736,0.3188892673021648,-0.8095627305258875,25.98059958515086,87,15
BTC-USD,1d,12,0.5,0.5,12/26,0.7844511376731885,0.34812081807631867,-0.7959939970075082,34.02600922660556,62,12
BTC-USD,1d,12,0.5,0.75,9/21,0.9038376076144176,0.2986625932897853,-0.8541907292576325,21.44640532965779,87,15
BTC-USD,1d,12,0.5,0.75,12/26,0.847268082113539,0.34527842941942466,-0.8412792087928588,33.156889695279745,62,12
BTC-USD,1d,12,0.5,1.0,9/21,1.0061866560875656,0.26894514898640876,-0.8908349489910198,16.03972172109918,87,15
BTC-USD,1d,12,0.5,1.0,12/26,0.9175005557480113,0.3357161160679889,-0.8762756014229471,30.37597382663307,62,12
BTC-USD,1d,12,0.75,0.5,9/21,0.8441379666027684,0.36526648331814116,-0.732338541512791,39.71283012462097,99,10
BTC-USD,1d,12,0.75,0.5,12/26,0.8488571241090882,0.4253584969461004,-0.7470818686442025,66.98762484283688,72,7
BTC-USD,1d,12,0.75,0.75,9/21,0.9585323215797438,0.3513721005743897,-0.7870329928357767,35.044966457200545,99,10
BTC-USD,1d,12,0.75,0.75,12/26,0.9178029558185993,0.4347160385134592,-0.7989368451715088,72.495601453112,72,7
BTC-USD,1d,12,0.75,1.0,9/21,1.0699411782740549,0.3271960394438065,-0.8348260038205653,28.074537946346524,99,10
BTC-USD,1d,12,0.75,1.0,12/26,0.9946255459775737,0.4365253800491633,-0.8407091676816241,73.60662961704318,72,7
BTC-USD,1d,18,0.0,0.5,9/21,0.6797606137269094,0.2514589724293388,-0.7824826264979922,13.4451356092527,46,52
BTC-USD,1d,18,0.0,0.5,12/26,0.6971800044374734,0.2729091194815638,-0.7754865711702292,16.68430800370031,42,27
BTC-USD,1d,18,0.0,0.75,9/21,0.7275588086145071,0.22755327371931222,-0.8605478834588274,10.481646006761748,46,52
BTC-USD,1d,18,0.0,0.75,12/26,0.7320214667673726,0.2522140565884565,-0.8338667840697733,13.549235506973535,42,27
BTC-USD,1d,18,0.0,1.0,9/21,0.7839818829207434,0.1916531687101075,-0.9152105640647644,7.063917892147991,46,52
BTC-USD,1d,18,0.0,1.0,12/26,0.7784715481561991,0.22212356405956468,-0.8781809629620092,9.891425799920336,42,27
BTC-USD,1d,18,0.25,0.5,9/21,0.7601521121129792,0.33181313962418746,-0.7964048147261551,29.30175631773142,58,38
BTC-USD,1d,18,0.25,0.5,12/26,0.6717060608913766,0.22702856012041694,-0.8523144936066296,10.423355890807297,50,19
BTC-USD,1d,18,0.25,0.75,9/21,0.822632355585436,0.3334564509608635,-0.8319158104286135,29.74987073763344,58,38
BTC-USD,1d,18,0.25,0.75,12/26,0.7296433521141062,0.204553462593009,-0.891977054563541,8.166746947136701,50,19
BTC-USD,1d,18,0.25,1.0,9/21,0.8910884573912182,0.32870865044846553,-0.8572324014242735,28.4714791950682,58,38
BTC-USD,1d,18,0.25,1.0,12/26,0.7934232583874257,0.17483445696513433,-0.9215116006584804,5.80856615043828,50,19
BTC-USD,1d,18,0.5,0.5,9/21,0.744782962792167,0.26812661259107706,-0.82146811191448,15.909329561346961,76,22
BTC-USD,1d,18,0.5,0.5,12/26,0.7357031804457029,0.2898672465667955,-0.8331362795705761,19.701989419088935,58,14
BTC-USD,1d,18,0.5,0.75,9/21,0.842447349710276,0.25248982093407046,-0.8642731418371881,13.587424830397707,76,22
BTC-USD,1d,18,0.5,0.75,12/26,0.79913268035309,0.2770939817137048,-0.8746166340859125,17.38898831563349,58,14
BTC-USD,1d,18,0.5,1.0,9/21,0.9377150688058632,0.2291170516781258,-0.8988334936338637,10.656984926390816,76,22
BTC-USD,1d,18,0.5,1.0,12/26,0.868418549629529,0.25690429504871237,-0.9060380710456292,14.21139941917454,58,14
BTC-USD,1d,18,0.75,0.5,9/21,0.8528314399220107,0.41250683972051894,-0.6951812255754112,60.038225361007825,85,15
BTC-USD,1d,18,0.75,0.5,12/26,0.8386692524040796,0.4198581218555524,-0.829845956084569,63.929174503369865,66,9
BTC-USD,1d,18,0.75,0.75,9/21,0.9407250928596632,0.4031243892529326,-0.7434537576525766,55.38257734607552,85,15
BTC-USD,1d,18,0.75,0.75,12/26,0.899079130890388,0.43104425291321125,-0.8720979251813317,70.28738191682821,66,9
BTC-USD,1d,18,0.75,1.0,9/21,1.0336481006385205,0.3819048947510981,-0.7914691646098818,46.02826854684079,85,15
BTC-USD,1d,18,0.75,1.0,12/26,0.9688968630131994,0.4348370296871946,-0.9042467239411955,72.56942068117367,66,9
BTC-USD,1d,25,0.0,0.5,9/21,0.5543088783358366,0.10973125342534917,-0.8775503849745272,2.453880825973351,44,49
BTC-USD,1d,25,0.0,0.5,12/26,0.7353634894866118,0.32787391453377657,-0.756213112963398,28.251817206664477,34,25
BTC-USD,1d,25,0.0,0.75,9/21,0.6214854096629441,0.071446841973545,-0.9341085323531336,1.2740143652991653,44,49
BTC-USD,1d,25,0.0,0.75,12/26,0.7481676811516145,0.3191357157407215,-0.8034950481513202,26.040679951125036,34,25
BTC-USD,1d,25,0.0,1.0,9/21,0.6888363176327469,0.02162175712384995,-0.9682171239848208,0.2900211357847604,44,49
BTC-USD,1d,25,0.0,1.0,12/26,0.7767544958891401,0.3022832973433143,-0.8595941707426054,22.20284907820577,34,25
BTC-USD,1d,25,0.25,0.5,9/21,0.640436093473151,0.18539097909962376,-0.8782965731307826,6.573645532559825,52,37
BTC-USD,1d,25,0.25,0.5,12/26,0.6719678306912871,0.2341489025347281,-0.7905198785263878,11.237960969573523,46,16
BTC-USD,1d,25,0.25,0.75,9/21,0.710137688547834,0.15688919879264684,-0.9199302473882845,4.668568626041553,52,37
BTC-USD,1d,25,0.25,0.75,12/26,0.720093442096795,0.20761072048472995,-0.8665034567216918,8.447588087087746,46,16
BTC-USD,1d,25,0.25,1.0,9/21,0.7813804574881466,0.1162052789736352,-0.952164672503472,2.701534581552004,52,37
BTC-USD,1d,25,0.25,1.0,12/26,0.7763094519952517,0.17092213582832239,-0.9226507105930593,5.543494131092499,46,16
BTC-USD,1d,25,0.5,0.5,9/21,0.668850006977488,0.1566393319943531,-0.8445518733610344,4.654010698931278,76,21
BTC-USD,1d,25,0.5,0.5,12/26,0.7369980888158599,0.29542740320053373,-0.8346370135649592,20.789684895290378,56,12
BTC-USD,1d,25,0.5,0.75,9/21,0.7793391942919909,0.11852875084335457,-0.9100249249286025,2.794309550297953,76,21
BTC-USD,1d,25,0.5,0.75,12/26,0.7960750175486603,0.2815162114860945,-0.8784504562416325,18.16151375618233,56,12
BTC-USD,1d,25,0.5,1.0,9/21,0.8819903074687111,0.06768258106273994,-0.9537850444734012,1.1807059663293078,76,21
BTC-USD,1d,25,0.5,1.0,12/26,0.8621307047623422,0.2592605902307199,-0.9135557737360601,14.554373481259793,56,12
BTC-USD,1d,25,0.75,0.5,9/21,0.8456577785720619,0.39746342051699246,-0.7048930937285984,52.73329065594341,87,14
BTC-USD,1d,25,0.75,0.5,12/26,0.8251247929946179,0.40264479592095914,-0.8262172842259758,55.153578449625805,64,8
BTC-USD,1d,25,0.75,0.75,9/21,0.9376184268217215,0.3840240661363852,-0.7521922751129166,46.89403767654886,87,14
BTC-USD,1d,25,0.75,0.75,12/26,0.8829869605164792,0.40804475007934227,-0.8724248801872561,57.78188969147415,64,8
BTC-USD,1d,25,0.75,1.0,9/21,1.0334767390397497,0.35761704804874195,-0.7989603694380087,37.07868477384142,87,14
BTC-USD,1d,25,0.75,1.0,12/26,0.9509063919811801,0.40464979688015346,-0.9118356387179658,56.11663689540416,64,8
