ticker,n_mu,x,sharpe
SPY,1,0.0,0.6744586781072002
SPY,1,0.25,0.7142431784000033
SPY,1,0.5,0.7257422624518127
SPY,1,0.75,0.7483192701416285
SPY,1,1.0,0.7565962801573692
SPY,3,0.0,0.674189245808548
SPY,3,0.25,0.7103620171225081
SPY,3,0.5,0.7400359210967649
SPY,3,0.75,0.7694742012331764
SPY,3,1.0,0.7565962801573692
SPY,5,0.0,0.622330864148786
SPY,5,0.25,0.6786330735385858
SPY,5,0.5,0.7294326819083553
SPY,5,0.75,0.7623349559668435
SPY,5,1.0,0.7565962801573692
SPY,8,0.0,0.5945716364109787
SPY,8,0.25,0.6699989587852765
SPY,8,0.5,0.7240808782566569
SPY,8,0.75,0.7404910564059511
SPY,8,1.0,0.7565962801573692
SPY,12,0.0,0.5756367274778139
SPY,12,0.25,0.6639131842161653
SPY,12,0.5,0.7304051911735275
SPY,12,0.75,0.7363493734111981
SPY,12,1.0,0.7565962801573692
SPY,18,0.0,0.4795982767179925
SPY,18,0.25,0.5722109262865837
SPY,18,0.5,0.6593908388407091
SPY,18,0.75,0.6672488024784969
SPY,18,1.0,0.7565962801573692
SPY,25,0.0,0.4607146889052898
SPY,25,0.25,0.5330630016653771
SPY,25,0.5,0.6351857620974212
SPY,25,0.75,0.63776831505888
SPY,25,1.0,0.7565962801573692
SPY,35,0.0,0.43891803655292366
SPY,35,0.25,0.4848901373382592
SPY,35,0.5,0.562315217289931
SPY,35,0.75,0.6116957423875028
SPY,35,1.0,0.7565962801573692
SPY,50,0.0,0.4357054238914449
SPY,50,0.25,0.4332874244452647
SPY,50,0.5,0.5211533613278726
SPY,50,0.75,0.5923448445376366
SPY,50,1.0,0.7565962801573692
QQQ,1,0.0,0.7238473113143975
QQQ,1,0.25,0.7328492701661967
QQQ,1,0.5,0.7589090406509674
QQQ,1,0.75,0.759344269419019
QQQ,1,1.0,0.7660227958097635
QQQ,3,0.0,0.7049107635518803
QQQ,3,0.25,0.7231188028588366
QQQ,3,0.5,0.7594170518226527
QQQ,3,0.75,0.7466475360664847
QQQ,3,1.0,0.7660227958097635
QQQ,5,0.0,0.6794188215078706
QQQ,5,0.25,0.6950143113505859
QQQ,5,0.5,0.7170135950212622
QQQ,5,0.75,0.7370041089569259
QQQ,5,1.0,0.7660227958097635
QQQ,8,0.0,0.6065567609527492
QQQ,8,0.25,0.6515821052113223
QQQ,8,0.5,0.6582965593269644
QQQ,8,0.75,0.7107608412209125
QQQ,8,1.0,0.7660227958097635
QQQ,12,0.0,0.5377999827186465
QQQ,12,0.25,0.597303660134369
QQQ,12,0.5,0.5898571926656799
QQQ,12,0.75,0.6770115295382887
QQQ,12,1.0,0.7660227958097635
QQQ,18,0.0,0.504068569317094
QQQ,18,0.25,0.5474798382817516
QQQ,18,0.5,0.5736293168296288
QQQ,18,0.75,0.6756209980024566
QQQ,18,1.0,0.7660227958097635
QQQ,25,0.0,0.4522990899805686
QQQ,25,0.25,0.5304135544472769
QQQ,25,0.5,0.6078648546826179
QQQ,25,0.75,0.6365783617269435
QQQ,25,1.0,0.7660227958097635
QQQ,35,0.0,0.45128752485607776
QQQ,35,0.25,0.4896871748457936
QQQ,35,0.5,0.5994192210117765
QQQ,35,0.75,0.6146920689675898
QQQ,35,1.0,0.7660227958097635
QQQ,50,0.0,0.4471409894764415
QQQ,50,0.25,0.5083275607574046
QQQ,50,0.5,0.5900584796113467
QQQ,50,0.75,0.6036325017993355
QQQ,50,1.0,0.7660227958097635
IWM,1,0.0,0.5689522343531415
IWM,1,0.25,0.5626389903229579
IWM,1,0.5,0.5495308372763762
IWM,1,0.75,0.5804304294004478
IWM,1,1.0,0.6164881905774439
IWM,3,0.0,0.5550631363692711
IWM,3,0.25,0.5518836405438798
IWM,3,0.5,0.5488350989597655
IWM,3,0.75,0.5926984313633886
IWM,3,1.0,0.6164881905774439
IWM,5,0.0,0.5482811292690389
IWM,5,0.25,0.557001259938141
IWM,5,0.5,0.5581682053200916
IWM,5,0.75,0.5868307765806636
IWM,5,1.0,0.6164881905774439
IWM,8,0.0,0.5236108535584233
IWM,8,0.25,0.5241485324981275
IWM,8,0.5,0.5478129054352167
IWM,8,0.75,0.5599414643968804
IWM,8,1.0,0.6164881905774439
IWM,12,0.0,0.4378224520409943
IWM,12,0.25,0.46111765940630195
IWM,12,0.5,0.48288464329881825
IWM,12,0.75,0.5546088434455926
IWM,12,1.0,0.6164881905774439
IWM,18,0.0,0.3707232090783092
IWM,18,0.25,0.37562549948307583
IWM,18,0.5,0.4862549665904818
IWM,18,0.75,0.5460802924601241
IWM,18,1.0,0.6164881905774439
IWM,25,0.0,0.2672117912312111
IWM,25,0.25,0.332489553574635
IWM,25,0.5,0.4035830541577088
IWM,25,0.75,0.503582065293723
IWM,25,1.0,0.6164881905774439
IWM,35,0.0,0.2908581028688206
IWM,35,0.25,0.3181984248713738
IWM,35,0.5,0.3764818712778813
IWM,35,0.75,0.4864229173831444
IWM,35,1.0,0.6164881905774439
IWM,50,0.0,0.44171888941969334
IWM,50,0.25,0.39195605144686924
IWM,50,0.5,0.4035963206401533
IWM,50,0.75,0.5163884727333866
IWM,50,1.0,0.6164881905774439
AAPL,1,0.0,0.7975739135403764
AAPL,1,0.25,0.8076034108916209
AAPL,1,0.5,0.8170811577469655
AAPL,1,0.75,0.8254781250292025
AAPL,1,1.0,0.8632456772685879
AAPL,3,0.0,0.7662879454612246
AAPL,3,0.25,0.79584742632041
AAPL,3,0.5,0.8066861197369964
AAPL,3,0.75,0.802021545978271
AAPL,3,1.0,0.8632456772685879
AAPL,5,0.0,0.7121040355491332
AAPL,5,0.25,0.7341868797807805
AAPL,5,0.5,0.7621125840573767
AAPL,5,0.75,0.7922539008665811
AAPL,5,1.0,0.8632456772685879
AAPL,8,0.0,0.6879133113272995
AAPL,8,0.25,0.7469536370979305
AAPL,8,0.5,0.7638407530311975
AAPL,8,0.75,0.7959342219649334
AAPL,8,1.0,0.8632456772685879
AAPL,12,0.0,0.6705361557146946
AAPL,12,0.25,0.7370339608027958
AAPL,12,0.5,0.7372398315372038
AAPL,12,0.75,0.7686925871916072
AAPL,12,1.0,0.8632456772685879
AAPL,18,0.0,0.6339361162249099
AAPL,18,0.25,0.6957120573408205
AAPL,18,0.5,0.7384911846757064
AAPL,18,0.75,0.748294499963693
AAPL,18,1.0,0.8632456772685879
AAPL,25,0.0,0.486205458740885
AAPL,25,0.25,0.5378921974338517
AAPL,25,0.5,0.6406788065082204
AAPL,25,0.75,0.7126360965647107
AAPL,25,1.0,0.8632456772685879
AAPL,35,0.0,0.4563166172170028
AAPL,35,0.25,0.483937731081348
AAPL,35,0.5,0.5565949441641335
AAPL,35,0.75,0.6714830348271613
AAPL,35,1.0,0.8632456772685879
AAPL,50,0.0,0.49894135674524565
AAPL,50,0.25,0.5320011267985919
AAPL,50,0.5,0.5984416079448153
AAPL,50,0.75,0.6903044149229413
AAPL,50,1.0,0.8632456772685879
GOOGL,1,0.0,0.6397914053637351
GOOGL,1,0.25,0.6624712192264224
GOOGL,1,0.5,0.6767889725550832
GOOGL,1,0.75,0.6760786494641406
GOOGL,1,1.0,0.6813561536342791
GOOGL,3,0.0,0.6855356563170677
GOOGL,3,0.25,0.7015311358455447
GOOGL,3,0.5,0.6967605246718165
GOOGL,3,0.75,0.682030964435854
GOOGL,3,1.0,0.6813561536342791
GOOGL,5,0.0,0.6451372590297375
GOOGL,5,0.25,0.6837923261016611
GOOGL,5,0.5,0.684353902459375
GOOGL,5,0.75,0.6786155537918833
GOOGL,5,1.0,0.6813561536342791
GOOGL,8,0.0,0.6177885421906052
GOOGL,8,0.25,0.6686951547606262
GOOGL,8,0.5,0.7063378434060525
GOOGL,8,0.75,0.7040654601657229
GOOGL,8,1.0,0.6813561536342791
GOOGL,12,0.0,0.5975784388566673
GOOGL,12,0.25,0.619631539143957
GOOGL,12,0.5,0.6659140572315067
GOOGL,12,0.75,0.68753884335877
GOOGL,12,1.0,0.6813561536342791
GOOGL,18,0.0,0.504005804836899
GOOGL,18,0.25,0.5500714440466022
GOOGL,18,0.5,0.6493891321989684
GOOGL,18,0.75,0.6350554638429781
GOOGL,18,1.0,0.6813561536342791
GOOGL,25,0.0,0.5313591340013218
GOOGL,25,0.25,0.5218969477310007
GOOGL,25,0.5,0.6057643934362474
GOOGL,25,0.75,0.6230863263147466
GOOGL,25,1.0,0.6813561536342791
GOOGL,35,0.0,0.47613860648967116
GOOGL,35,0.25,0.4822247352589304
GOOGL,35,0.5,0.5992082021614684
GOOGL,35,0.75,0.608545264912122
GOOGL,35,1.0,0.6813561536342791
GOOGL,50,0.0,0.5254396652333092
GOOGL,50,0.25,0.46345026588627064
GOOGL,50,0.5,0.5711919188624165
GOOGL,50,0.75,0.6001105108233861
GOOGL,50,1.0,0.6813561536342791
BTC-USD,1,0.0,0.9141901910342227
BTC-USD,1,0.25,0.9435642031380432
BTC-USD,1,0.5,0.9369791371391806
BTC-USD,1,0.75,0.9437276381800025
BTC-USD,1,1.0,0.961829280252334
BTC-USD,3,0.0,0.8647277481559605
BTC-USD,3,0.25,0.9289075073144923
BTC-USD,3,0.5,0.9190090447696511
BTC-USD,3,0.75,0.9609242789492782
BTC-USD,3,1.0,0.961829280252334
BTC-USD,5,0.0,0.8251110152377787
BTC-USD,5,0.25,0.907613379792442
BTC-USD,5,0.5,0.8920884263741599
BTC-USD,5,0.75,0.9454357142377837
BTC-USD,5,1.0,0.961829280252334
BTC-USD,8,0.0,0.7998615615739864
BTC-USD,8,0.25,0.9011585551362654
BTC-USD,8,0.5,0.8714450932331358
BTC-USD,8,0.75,0.9157187934171399
BTC-USD,8,1.0,0.961829280252334
BTC-USD,12,0.0,0.729119379265553
BTC-USD,12,0.25,0.9272598498663406
BTC-USD,12,0.5,0.8536690642287947
BTC-USD,12,0.75,0.90332422261128
BTC-USD,12,1.0,0.961829280252334
BTC-USD,18,0.0,0.6783365711783121
BTC-USD,18,0.25,0.8502011132066064
BTC-USD,18,0.5,0.8435410846036536
BTC-USD,18,0.75,0.9061106834620167
BTC-USD,18,1.0,0.961829280252334
BTC-USD,25,0.0,0.707297656494681
BTC-USD,25,0.25,0.8679752046766507
BTC-USD,25,0.5,0.8023950986152163
BTC-USD,25,0.75,0.8581342171615974
BTC-USD,25,1.0,0.961829280252334
BTC-USD,35,0.0,0.6731203850945803
BTC-USD,35,0.25,0.8554522549575245
BTC-USD,35,0.5,0.7905228255701701
BTC-USD,35,0.75,0.8847055236420062
BTC-USD,35,1.0,0.961829280252334
BTC-USD,50,0.0,0.5917948035151649
BTC-USD,50,0.25,0.7410011569211524
BTC-USD,50,0.5,0.7988674001821598
BTC-USD,50,0.75,0.8864793951729658
BTC-USD,50,1.0,0.961829280252334
ETH-USD,1,0.0,0.953130435679606
ETH-USD,1,0.25,0.9470411166044239
ETH-USD,1,0.5,0.9412539678200987
ETH-USD,1,0.75,0.9355012777702277
ETH-USD,1,1.0,0.9419852061999959
ETH-USD,3,0.0,0.9412888864891237
ETH-USD,3,0.25,0.9482544219147694
ETH-USD,3,0.5,0.9603851860098921
ETH-USD,3,0.75,0.9670055102050789
ETH-USD,3,1.0,0.9419852061999959
ETH-USD,5,0.0,0.8869309694583253
ETH-USD,5,0.25,0.8837415645571557
ETH-USD,5,0.5,0.9103997096859432
ETH-USD,5,0.75,0.9404864790911008
ETH-USD,5,1.0,0.9419852061999959
ETH-USD,8,0.0,0.8031240131489916
ETH-USD,8,0.25,0.848003343466314
ETH-USD,8,0.5,0.8643751480545858
ETH-USD,8,0.75,0.8774303912229873
ETH-USD,8,1.0,0.9419852061999959
ETH-USD,12,0.0,0.8125840503506029
ETH-USD,12,0.25,0.8285059051948637
ETH-USD,12,0.5,0.8348196924339032
ETH-USD,12,0.75,0.8434684523247484
ETH-USD,12,1.0,0.9419852061999959
ETH-USD,18,0.0,0.7782460878824997
ETH-USD,18,0.25,0.8266166051837506
ETH-USD,18,0.5,0.652143966871014
ETH-USD,18,0.75,0.6836640718834728
ETH-USD,18,1.0,0.9419852061999959
ETH-USD,25,0.0,0.7395887499115638
ETH-USD,25,0.25,0.7349065728667364
ETH-USD,25,0.5,0.6249051813455365
ETH-USD,25,0.75,0.6853990057810299
ETH-USD,25,1.0,0.9419852061999959
ETH-USD,35,0.0,0.6275274733560164
ETH-USD,35,0.25,0.45711303068889547
ETH-USD,35,0.5,0.4286095981168018
ETH-USD,35,0.75,0.5106489102894057
ETH-USD,35,1.0,0.9419852061999959
ETH-USD,50,0.0,0.5583431928774746
ETH-USD,50,0.25,0.6554648071452439
ETH-USD,50,0.5,0.6812079270520792
ETH-USD,50,0.75,0.8435715409454371
ETH-USD,50,1.0,0.9419852061999959
GLD,1,0.0,0.6520822589813084
GLD,1,0.25,0.650756541779514
GLD,1,0.5,0.689656797558745
GLD,1,0.75,0.6945949335624215
GLD,1,1.0,0.6725760360751355
GLD,3,0.0,0.610470290412681
GLD,3,0.25,0.6153168639428639
GLD,3,0.5,0.6770629973158441
GLD,3,0.75,0.6758848833300813
GLD,3,1.0,0.6725760360751355
GLD,5,0.0,0.6285580962410848
GLD,5,0.25,0.6033900622172484
GLD,5,0.5,0.6513136021953629
GLD,5,0.75,0.6593582978398226
GLD,5,1.0,0.6725760360751355
GLD,8,0.0,0.5661084564889346
GLD,8,0.25,0.5371519300058005
GLD,8,0.5,0.6152193276312031
GLD,8,0.75,0.6364504746822287
GLD,8,1.0,0.6725760360751355
GLD,12,0.0,0.6023391444803275
GLD,12,0.25,0.5394495162317655
GLD,12,0.5,0.6004907260962195
GLD,12,0.75,0.5958084621560793
GLD,12,1.0,0.6725760360751355
GLD,18,0.0,0.5244048331706554
GLD,18,0.25,0.4666607593344128
GLD,18,0.5,0.5731099582489915
GLD,18,0.75,0.5555765276941821
GLD,18,1.0,0.6725760360751355
GLD,25,0.0,0.4759685914529512
GLD,25,0.25,0.4474302248099465
GLD,25,0.5,0.5751494763825334
GLD,25,0.75,0.5730467845764254
GLD,25,1.0,0.6725760360751355
GLD,35,0.0,0.4291592614192034
GLD,35,0.25,0.3439008933328842
GLD,35,0.5,0.5405016719988041
GLD,35,0.75,0.5547491543309059
GLD,35,1.0,0.6725760360751355
GLD,50,0.0,0.4754684603881436
GLD,50,0.25,0.4206160139988775
GLD,50,0.5,0.5555171445100272
GLD,50,0.75,0.5343689221828866
GLD,50,1.0,0.6725760360751355
SLV,1,0.0,0.46428060597201276
SLV,1,0.25,0.4559370052633538
SLV,1,0.5,0.4828206375283098
SLV,1,0.75,0.507421307735173
SLV,1,1.0,0.5182663247170658
SLV,3,0.0,0.42845085149254564
SLV,3,0.25,0.4309401082838403
SLV,3,0.5,0.4614537591157762
SLV,3,0.75,0.4954911232537098
SLV,3,1.0,0.5182663247170658
SLV,5,0.0,0.4292243602574373
SLV,5,0.25,0.44071542058833363
SLV,5,0.5,0.4983047143613429
SLV,5,0.75,0.5167571700532939
SLV,5,1.0,0.5182663247170658
SLV,8,0.0,0.4100861136665109
SLV,8,0.25,0.44751323210198674
SLV,8,0.5,0.49014386151196526
SLV,8,0.75,0.5174389548304754
SLV,8,1.0,0.5182663247170658
SLV,12,0.0,0.41261648784825544
SLV,12,0.25,0.42572289233916233
SLV,12,0.5,0.4592958260665276
SLV,12,0.75,0.49470708965840465
SLV,12,1.0,0.5182663247170658
SLV,18,0.0,0.40789127503772044
SLV,18,0.25,0.42056335332556244
SLV,18,0.5,0.4202212595304869
SLV,18,0.75,0.48051987762253284
SLV,18,1.0,0.5182663247170658
SLV,25,0.0,0.3073700535763823
SLV,25,0.25,0.2869153112119754
SLV,25,0.5,0.39343666268193705
SLV,25,0.75,0.4630489534477826
SLV,25,1.0,0.5182663247170658
SLV,35,0.0,0.3619059086360315
SLV,35,0.25,0.3031630696931306
SLV,35,0.5,0.4067585753859
SLV,35,0.75,0.47898160806788354
SLV,35,1.0,0.5182663247170658
SLV,50,0.0,0.26984072461625813
SLV,50,0.25,0.3497408519539022
SLV,50,0.5,0.4151440120920618
SLV,50,0.75,0.4766492406793996
SLV,50,1.0,0.5182663247170658
