ticker,n_mu,x,sortino
SPY,1,0.0,0.9005112812401417
SPY,1,0.25,0.9454892121465353
SPY,1,0.5,0.9565154114225458
SPY,1,0.75,0.9796977974588291
SPY,1,1.0,0.9891731976819441
SPY,3,0.0,0.8921421097140376
SPY,3,0.25,0.9289644611326972
SPY,3,0.5,0.9664479100705833
SPY,3,0.75,0.9992885261360313
SPY,3,1.0,0.9891731976819441
SPY,5,0.0,0.8154018923476763
SPY,5,0.25,0.8775124425738928
SPY,5,0.5,0.9456357622430831
SPY,5,0.75,0.9848716956711723
SPY,5,1.0,0.9891731976819441
SPY,8,0.0,0.7708445134214529
SPY,8,0.25,0.8651998563524831
SPY,8,0.5,0.9372235119589414
SPY,8,0.75,0.9568504488633983
SPY,8,1.0,0.9891731976819441
SPY,12,0.0,0.744735512097225
SPY,12,0.25,0.851090447931135
SPY,12,0.5,0.9385591670681489
SPY,12,0.75,0.9464574070997651
SPY,12,1.0,0.9891731976819441
SPY,18,0.0,0.6139219155513754
SPY,18,0.25,0.7297614856222006
SPY,18,0.5,0.8459785148542096
SPY,18,0.75,0.8624297302243157
SPY,18,1.0,0.9891731976819441
SPY,25,0.0,0.5756998344687685
SPY,25,0.25,0.6757108102392384
SPY,25,0.5,0.8155797051926532
SPY,25,0.75,0.8260987045758134
SPY,25,1.0,0.9891731976819441
SPY,35,0.0,0.5467150395600724
SPY,35,0.25,0.6215282396982972
SPY,35,0.5,0.7347724739140847
SPY,35,0.75,0.7975263258251791
SPY,35,1.0,0.9891731976819441
SPY,50,0.0,0.5543937320419089
SPY,50,0.25,0.5660822419861038
SPY,50,0.5,0.678764206684959
SPY,50,0.75,0.7689218522841225
SPY,50,1.0,0.9891731976819441
QQQ,1,0.0,0.9579736297753606
QQQ,1,0.25,0.9639909230282528
QQQ,1,0.5,0.9914559045287131
QQQ,1,0.75,0.9872026408782378
QQQ,1,1.0,0.9940647206045355
QQQ,3,0.0,0.9270815095212758
QQQ,3,0.25,0.9470036481638532
QQQ,3,0.5,0.9868779343878861
QQQ,3,0.75,0.9683465532871635
QQQ,3,1.0,0.9940647206045355
QQQ,5,0.0,0.8874215611788191
QQQ,5,0.25,0.9071236132542126
QQQ,5,0.5,0.9315816928235181
QQQ,5,0.75,0.956871826164026
QQQ,5,1.0,0.9940647206045355
QQQ,8,0.0,0.7943786615598619
QQQ,8,0.25,0.8428175342269201
QQQ,8,0.5,0.8557104234327898
QQQ,8,0.75,0.9220599278093311
QQQ,8,1.0,0.9940647206045355
QQQ,12,0.0,0.6981298353066488
QQQ,12,0.25,0.7653569021879436
QQQ,12,0.5,0.7688717301370406
QQQ,12,0.75,0.8790042382754293
QQQ,12,1.0,0.9940647206045355
QQQ,18,0.0,0.6423393298472959
QQQ,18,0.25,0.7033426067389957
QQQ,18,0.5,0.7511340357886284
QQQ,18,0.75,0.8732028652454827
QQQ,18,1.0,0.9940647206045355
QQQ,25,0.0,0.5756688334864434
QQQ,25,0.25,0.6690702606021436
QQQ,25,0.5,0.7805278527530234
QQQ,25,0.75,0.8260364160723667
QQQ,25,1.0,0.9940647206045355
QQQ,35,0.0,0.5665923844407925
QQQ,35,0.25,0.6141119837889263
QQQ,35,0.5,0.7646387212575781
QQQ,35,0.75,0.7956776001562474
QQQ,35,1.0,0.9940647206045355
QQQ,50,0.0,0.5434757382294312
QQQ,50,0.25,0.6364683069466728
QQQ,50,0.5,0.7489488445716473
QQQ,50,0.75,0.7790679228842731
QQQ,50,1.0,0.9940647206045355
IWM,1,0.0,0.8277327666997927
IWM,1,0.25,0.8140234484669467
IWM,1,0.5,0.793118285767808
IWM,1,0.75,0.821757260080997
IWM,1,1.0,0.8643694536581248
IWM,3,0.0,0.8013755299300899
IWM,3,0.25,0.7936603896114454
IWM,3,0.5,0.7887792134190574
IWM,3,0.75,0.8341603815818798
IWM,3,1.0,0.8643694536581248
IWM,5,0.0,0.7841962947114186
IWM,5,0.25,0.7946621856720916
IWM,5,0.5,0.7940310095477514
IWM,5,0.75,0.827900236726359
IWM,5,1.0,0.8643694536581248
IWM,8,0.0,0.7383387178065117
IWM,8,0.25,0.7477569361611428
IWM,8,0.5,0.7809604680052468
IWM,8,0.75,0.7973598211356352
IWM,8,1.0,0.8643694536581248
IWM,12,0.0,0.6190631672136204
IWM,12,0.25,0.6586110612691676
IWM,12,0.5,0.6926866967266351
IWM,12,0.75,0.788737675987465
IWM,12,1.0,0.8643694536581248
IWM,18,0.0,0.5169577677646385
IWM,18,0.25,0.5444990714946187
IWM,18,0.5,0.6812753325280991
IWM,18,0.75,0.7711568154638911
IWM,18,1.0,0.8643694536581248
IWM,25,0.0,0.39167341045096
IWM,25,0.25,0.4926068895053981
IWM,25,0.5,0.5880293209284708
IWM,25,0.75,0.7199888433419441
IWM,25,1.0,0.8643694536581248
IWM,35,0.0,0.39981807822081467
IWM,35,0.25,0.46211920135883666
IWM,35,0.5,0.5474181005501658
IWM,35,0.75,0.701155501293751
IWM,35,1.0,0.8643694536581248
IWM,50,0.0,0.5818520129774568
IWM,50,0.25,0.5387332493397468
IWM,50,0.5,0.5635780043438311
IWM,50,0.75,0.7209946935165599
IWM,50,1.0,0.8643694536581248
AAPL,1,0.0,1.0746418939998907
AAPL,1,0.25,1.082460473756264
AAPL,1,0.5,1.0840768362905366
AAPL,1,0.75,1.0854126864740261
AAPL,1,1.0,1.1335521595890115
AAPL,3,0.0,1.0371616970862665
AAPL,3,0.25,1.0675853811729936
AAPL,3,0.5,1.0720133089782296
AAPL,3,0.75,1.0532437228377869
AAPL,3,1.0,1.1335521595890115
AAPL,5,0.0,0.9554172084008128
AAPL,5,0.25,0.9788336605203648
AAPL,5,0.5,1.0115337683207037
AAPL,5,0.75,1.039662322927665
AAPL,5,1.0,1.1335521595890115
AAPL,8,0.0,0.9125937029987212
AAPL,8,0.25,0.9867898450884334
AAPL,8,0.5,1.0073220181713405
AAPL,8,0.75,1.0362024633550275
AAPL,8,1.0,1.1335521595890115
AAPL,12,0.0,0.9001835724609265
AAPL,12,0.25,0.9832603702402404
AAPL,12,0.5,0.9738048996911098
AAPL,12,0.75,1.0012738131334595
AAPL,12,1.0,1.1335521595890115
AAPL,18,0.0,0.8391398181543243
AAPL,18,0.25,0.9163241389397467
AAPL,18,0.5,0.9671283300424451
AAPL,18,0.75,0.9723561248336071
AAPL,18,1.0,1.1335521595890115
AAPL,25,0.0,0.6492006590185756
AAPL,25,0.25,0.7111626987354495
AAPL,25,0.5,0.8357470902713272
AAPL,25,0.75,0.9221588715659726
AAPL,25,1.0,1.1335521595890115
AAPL,35,0.0,0.5993363621998085
AAPL,35,0.25,0.640229682195861
AAPL,35,0.5,0.7255523984781549
AAPL,35,0.75,0.8658349632776884
AAPL,35,1.0,1.1335521595890115
AAPL,50,0.0,0.6266614324852421
AAPL,50,0.25,0.673939896835412
AAPL,50,0.5,0.7626894893233733
AAPL,50,0.75,0.8799717835554993
AAPL,50,1.0,1.1335521595890115
GOOGL,1,0.0,0.9086001110593012
GOOGL,1,0.25,0.930696368707484
GOOGL,1,0.5,0.9438901903054139
GOOGL,1,0.75,0.9341582205055762
GOOGL,1,1.0,0.9362830246905641
GOOGL,3,0.0,0.9419928577345353
GOOGL,3,0.25,0.9585435154151388
GOOGL,3,0.5,0.9543692530012232
GOOGL,3,0.75,0.9364223153493735
GOOGL,3,1.0,0.9362830246905641
GOOGL,5,0.0,0.8788585060312335
GOOGL,5,0.25,0.9275691643558925
GOOGL,5,0.5,0.9285694892836736
GOOGL,5,0.75,0.9263247475066736
GOOGL,5,1.0,0.9362830246905641
GOOGL,8,0.0,0.8372569629830365
GOOGL,8,0.25,0.8987764514975322
GOOGL,8,0.5,0.9567715937976203
GOOGL,8,0.75,0.9568772075953883
GOOGL,8,1.0,0.9362830246905641
GOOGL,12,0.0,0.7980998729007048
GOOGL,12,0.25,0.823908090290951
GOOGL,12,0.5,0.8957784972504684
GOOGL,12,0.75,0.9256937007827365
GOOGL,12,1.0,0.9362830246905641
GOOGL,18,0.0,0.652053001800866
GOOGL,18,0.25,0.7189560068391749
GOOGL,18,0.5,0.8666758227479923
GOOGL,18,0.75,0.861731536249802
GOOGL,18,1.0,0.9362830246905641
GOOGL,25,0.0,0.6871603096068689
GOOGL,25,0.25,0.6884606899149914
GOOGL,25,0.5,0.8152574130429763
GOOGL,25,0.75,0.8451302776766313
GOOGL,25,1.0,0.9362830246905641
GOOGL,35,0.0,0.5946657941496031
GOOGL,35,0.25,0.6298550987910917
GOOGL,35,0.5,0.8012778551791877
GOOGL,35,0.75,0.8218883373942362
GOOGL,35,1.0,0.9362830246905641
GOOGL,50,0.0,0.6723938712088425
GOOGL,50,0.25,0.5994818374248987
GOOGL,50,0.5,0.7582931682741801
GOOGL,50,0.75,0.8095338570197191
GOOGL,50,1.0,0.9362830246905641
BTC-USD,1,0.0,1.2284797579269526
BTC-USD,1,0.25,1.25258105054104
BTC-USD,1,0.5,1.2300539483759791
BTC-USD,1,0.75,1.2232254934872027
BTC-USD,1,1.0,1.2418300424854567
BTC-USD,3,0.0,1.1499478679536395
BTC-USD,3,0.25,1.2196938770820396
BTC-USD,3,0.5,1.197471761600748
BTC-USD,3,0.75,1.241516925853713
BTC-USD,3,1.0,1.2418300424854567
BTC-USD,5,0.0,1.0914324691361876
BTC-USD,5,0.25,1.1951787748937723
BTC-USD,5,0.5,1.167985338411903
BTC-USD,5,0.75,1.2183996162969022
BTC-USD,5,1.0,1.2418300424854567
BTC-USD,8,0.0,1.0521987340787788
BTC-USD,8,0.25,1.1721478748333205
BTC-USD,8,0.5,1.1325464692660108
BTC-USD,8,0.75,1.1717139319213556
BTC-USD,8,1.0,1.2418300424854567
BTC-USD,12,0.0,0.9496603034979674
BTC-USD,12,0.25,1.2046342458574764
BTC-USD,12,0.5,1.103474874316916
BTC-USD,12,0.75,1.1528073624676882
BTC-USD,12,1.0,1.2418300424854567
BTC-USD,18,0.0,0.8522108356117037
BTC-USD,18,0.25,1.0837353090530961
BTC-USD,18,0.5,1.0863354170189206
BTC-USD,18,0.75,1.152672193666981
BTC-USD,18,1.0,1.2418300424854567
BTC-USD,25,0.0,0.8752791664536373
BTC-USD,25,0.25,1.1080603700849374
BTC-USD,25,0.5,1.019869287042276
BTC-USD,25,0.75,1.08316491098707
BTC-USD,25,1.0,1.2418300424854567
BTC-USD,35,0.0,0.8267385743377732
BTC-USD,35,0.25,1.0712564832587341
BTC-USD,35,0.5,0.9890857474339546
BTC-USD,35,0.75,1.11052636469627
BTC-USD,35,1.0,1.2418300424854567
BTC-USD,50,0.0,0.6556054010847355
BTC-USD,50,0.25,0.9141489026986176
BTC-USD,50,0.5,0.9919111984589781
BTC-USD,50,0.75,1.0993259301683107
BTC-USD,50,1.0,1.2418300424854567
ETH-USD,1,0.0,1.291084183449547
ETH-USD,1,0.25,1.2637710115258187
ETH-USD,1,0.5,1.2390275889734734
ETH-USD,1,0.75,1.2015075663483208
ETH-USD,1,1.0,1.2049862726710279
ETH-USD,3,0.0,1.2499100755172863
ETH-USD,3,0.25,1.2451470533834548
ETH-USD,3,0.5,1.2467411929190668
ETH-USD,3,0.75,1.2389067059296537
ETH-USD,3,1.0,1.2049862726710279
ETH-USD,5,0.0,1.1651209561812472
ETH-USD,5,0.25,1.1445313199913816
ETH-USD,5,0.5,1.1742425340475877
ETH-USD,5,0.75,1.2033110266044502
ETH-USD,5,1.0,1.2049862726710279
ETH-USD,8,0.0,1.049647582974342
ETH-USD,8,0.25,1.1108629114622672
ETH-USD,8,0.5,1.1183534105002606
ETH-USD,8,0.75,1.1164759031408023
ETH-USD,8,1.0,1.2049862726710279
ETH-USD,12,0.0,1.0405046814659098
ETH-USD,12,0.25,1.0688800781245915
ETH-USD,12,0.5,1.0675890489699957
ETH-USD,12,0.75,1.0663557630039115
ETH-USD,12,1.0,1.2049862726710279
ETH-USD,18,0.0,0.972868814141636
ETH-USD,18,0.25,1.0442616165357566
ETH-USD,18,0.5,0.7998778320792176
ETH-USD,18,0.75,0.8266255765958578
ETH-USD,18,1.0,1.2049862726710279
ETH-USD,25,0.0,0.9174753789320236
ETH-USD,25,0.25,0.9226917731115716
ETH-USD,25,0.5,0.7702365149294516
ETH-USD,25,0.75,0.8342066062056155
ETH-USD,25,1.0,1.2049862726710279
ETH-USD,35,0.0,0.7840164508884561
ETH-USD,35,0.25,0.5713880895579618
ETH-USD,35,0.5,0.5440992717369592
ETH-USD,35,0.75,0.6286728743561089
ETH-USD,35,1.0,1.2049862726710279
ETH-USD,50,0.0,0.6769127311252628
ETH-USD,50,0.25,0.8334918193609226
ETH-USD,50,0.5,0.8662109230841191
ETH-USD,50,0.75,1.0609227783050754
ETH-USD,50,1.0,1.2049862726710279
GLD,1,0.0,0.918843527864008
GLD,1,0.25,0.9159677957485043
GLD,1,0.5,0.9580336686235267
GLD,1,0.75,0.961577864901867
GLD,1,1.0,0.9324076269804907
GLD,3,0.0,0.863452500482988
GLD,3,0.25,0.8696031635738849
GLD,3,0.5,0.9391076835936921
GLD,3,0.75,0.9340521300800765
GLD,3,1.0,0.9324076269804907
GLD,5,0.0,0.8664380073757991
GLD,5,0.25,0.8415283491365116
GLD,5,0.5,0.8975321715416893
GLD,5,0.75,0.9127279500932701
GLD,5,1.0,0.9324076269804907
GLD,8,0.0,0.7768630465852544
GLD,8,0.25,0.7505455946275154
GLD,8,0.5,0.8416989766102813
GLD,8,0.75,0.8819357484710356
GLD,8,1.0,0.9324076269804907
GLD,12,0.0,0.8046907395183581
GLD,12,0.25,0.7463390615564887
GLD,12,0.5,0.8282648142535011
GLD,12,0.75,0.8287383775824518
GLD,12,1.0,0.9324076269804907
GLD,18,0.0,0.71355929541705
GLD,18,0.25,0.6588153202505518
GLD,18,0.5,0.7863508821825317
GLD,18,0.75,0.7796894354001275
GLD,18,1.0,0.9324076269804907
GLD,25,0.0,0.6506250559594419
GLD,25,0.25,0.6282189853933268
GLD,25,0.5,0.7781536986748012
GLD,25,0.75,0.7902782104615732
GLD,25,1.0,0.9324076269804907
GLD,35,0.0,0.5708957638244477
GLD,35,0.25,0.5023665005811466
GLD,35,0.5,0.7246770284530726
GLD,35,0.75,0.7607207076921493
GLD,35,1.0,0.9324076269804907
GLD,50,0.0,0.6131087109759131
GLD,50,0.25,0.5839000111521803
GLD,50,0.5,0.7543008718107455
GLD,50,0.75,0.7419438073524343
GLD,50,1.0,0.9324076269804907
SLV,1,0.0,0.7336428855846115
SLV,1,0.25,0.7213541176566155
SLV,1,0.5,0.7440044933762304
SLV,1,0.75,0.7665083856396208
SLV,1,1.0,0.7708757816165844
SLV,3,0.0,0.6814755966709662
SLV,3,0.25,0.686653852190101
SLV,3,0.5,0.7189445867774248
SLV,3,0.75,0.749360009716901
SLV,3,1.0,0.7708757816165844
SLV,5,0.0,0.670195067838816
SLV,5,0.25,0.6874158793079234
SLV,5,0.5,0.7534481618279192
SLV,5,0.75,0.7713259830712985
SLV,5,1.0,0.7708757816165844
SLV,8,0.0,0.6293835055100047
SLV,8,0.25,0.6732163727154111
SLV,8,0.5,0.7255452835301971
SLV,8,0.75,0.7657172901004922
SLV,8,1.0,0.7708757816165844
SLV,12,0.0,0.6034394692239665
SLV,12,0.25,0.6197653000302612
SLV,12,0.5,0.6726234151419215
SLV,12,0.75,0.7309125203676845
SLV,12,1.0,0.7708757816165844
SLV,18,0.0,0.5844370935049317
SLV,18,0.25,0.6086654729939083
SLV,18,0.5,0.6299185189450377
SLV,18,0.75,0.7141801776732563
SLV,18,1.0,0.7708757816165844
SLV,25,0.0,0.46223108249997075
SLV,25,0.25,0.4485686737385108
SLV,25,0.5,0.5906982749133174
SLV,25,0.75,0.6901422503955335
SLV,25,1.0,0.7708757816165844
SLV,35,0.0,0.5192798235984849
SLV,35,0.25,0.4631846457078795
SLV,35,0.5,0.5885444907575644
SLV,35,0.75,0.6974372555703741
SLV,35,1.0,0.7708757816165844
SLV,50,0.0,0.3955998463684451
SLV,50,0.25,0.5033746281005665
SLV,50,0.5,0.593804793059416
SLV,50,0.75,0.6926677762184782
SLV,50,1.0,0.7708757816165844
