ticker,n_mu,x,kurtosis
SPY,1,0.0,28.69784672922756
SPY,1,0.25,27.50124664484756
SPY,1,0.5,26.944246713140647
SPY,1,0.75,26.248351894691694
SPY,1,1.0,25.417655667510303
SPY,3,0.0,32.758082190811514
SPY,3,0.25,31.043758130519183
SPY,3,0.5,28.511886443641142
SPY,3,0.75,27.485224149855785
SPY,3,1.0,25.417655667510303
SPY,5,0.0,36.00321965773343
SPY,5,0.25,34.04220136421322
SPY,5,0.5,29.872917141208706
SPY,5,0.75,28.0984050611758
SPY,5,1.0,25.417655667510303
SPY,8,0.0,43.178528154870385
SPY,8,0.25,37.274972058473146
SPY,8,0.5,31.132616839915404
SPY,8,0.75,28.814022698365566
SPY,8,1.0,25.417655667510303
SPY,12,0.0,50.04021416316248
SPY,12,0.25,42.80349294387037
SPY,12,0.5,33.50200484748419
SPY,12,0.75,29.725375726905725
SPY,12,1.0,25.417655667510303
SPY,18,0.0,63.66680586595016
SPY,18,0.25,49.31682420765306
SPY,18,0.5,38.22035053595538
SPY,18,0.75,31.874937951125755
SPY,18,1.0,25.417655667510303
SPY,25,0.0,85.61617175272853
SPY,25,0.25,53.91430885142011
SPY,25,0.5,41.22725213746851
SPY,25,0.75,32.47205042950802
SPY,25,1.0,25.417655667510303
SPY,35,0.0,95.9924293643761
SPY,35,0.25,61.28219595099892
SPY,35,0.5,41.12852050666475
SPY,35,0.75,32.639975054405994
SPY,35,1.0,25.417655667510303
SPY,50,0.0,96.49023469384554
SPY,50,0.25,61.22215345289249
SPY,50,0.5,44.17046712700687
SPY,50,0.75,34.07968544075637
SPY,50,1.0,25.417655667510303
QQQ,1,0.0,25.86831911617274
QQQ,1,0.25,25.04368763261043
QQQ,1,0.5,24.683494527294602
QQQ,1,0.75,24.10439283293597
QQQ,1,1.0,23.604621712789694
QQQ,3,0.0,29.311046246756643
QQQ,3,0.25,28.004842168295202
QQQ,3,0.5,26.400251133540053
QQQ,3,0.75,24.977682765193233
QQQ,3,1.0,23.604621712789694
QQQ,5,0.0,33.16718796288912
QQQ,5,0.25,31.11893351997809
QQQ,5,0.5,28.31203490867144
QQQ,5,0.75,25.740109569907347
QQQ,5,1.0,23.604621712789694
QQQ,8,0.0,38.21637921918985
QQQ,8,0.25,36.44077040242601
QQQ,8,0.5,30.468968065300047
QQQ,8,0.75,25.98431617029448
QQQ,8,1.0,23.604621712789694
QQQ,12,0.0,44.445478468809775
QQQ,12,0.25,40.83415485743969
QQQ,12,0.5,32.57990052055789
QQQ,12,0.75,26.46541129214519
QQQ,12,1.0,23.604621712789694
QQQ,18,0.0,56.458883501576416
QQQ,18,0.25,43.85332046423026
QQQ,18,0.5,33.44455425112719
QQQ,18,0.75,27.77027755356363
QQQ,18,1.0,23.604621712789694
QQQ,25,0.0,74.37777222265258
QQQ,25,0.25,56.247315493119345
QQQ,25,0.5,39.08831454890247
QQQ,25,0.75,28.82155684374446
QQQ,25,1.0,23.604621712789694
QQQ,35,0.0,85.39552341301565
QQQ,35,0.25,62.87890684107962
QQQ,35,0.5,41.151163759003644
QQQ,35,0.75,30.035299409977885
QQQ,35,1.0,23.604621712789694
QQQ,50,0.0,130.33684469335867
QQQ,50,0.25,70.47942931974443
QQQ,50,0.5,44.10456263777155
QQQ,50,0.75,31.080757029297374
QQQ,50,1.0,23.604621712789694
IWM,1,0.0,23.56631208759681
IWM,1,0.25,22.65567241085581
IWM,1,0.5,22.065319314233932
IWM,1,0.75,21.981581557516705
IWM,1,1.0,20.85281524582265
IWM,3,0.0,26.05263227327249
IWM,3,0.25,24.330203199917694
IWM,3,0.5,23.178561081987553
IWM,3,0.75,22.450674865654616
IWM,3,1.0,20.85281524582265
IWM,5,0.0,30.06852109055504
IWM,5,0.25,26.512456566610723
IWM,5,0.5,24.904525176645794
IWM,5,0.75,23.051826120703065
IWM,5,1.0,20.85281524582265
IWM,8,0.0,35.235002017069235
IWM,8,0.25,30.06109074801886
IWM,8,0.5,25.796621169419737
IWM,8,0.75,23.40513120639585
IWM,8,1.0,20.85281524582265
IWM,12,0.0,40.56927910910851
IWM,12,0.25,33.787640687367094
IWM,12,0.5,28.79947708308572
IWM,12,0.75,23.929047126649284
IWM,12,1.0,20.85281524582265
IWM,18,0.0,51.55033330846444
IWM,18,0.25,40.961688185387864
IWM,18,0.5,32.16889399765231
IWM,18,0.75,25.58328489768469
IWM,18,1.0,20.85281524582265
IWM,25,0.0,60.82848300622018
IWM,25,0.25,47.191308314155044
IWM,25,0.5,34.47301310227927
IWM,25,0.75,26.616608181693056
IWM,25,1.0,20.85281524582265
IWM,35,0.0,79.37080180827394
IWM,35,0.25,55.30189288969844
IWM,35,0.5,41.26130624400779
IWM,35,0.75,27.176052352256605
IWM,35,1.0,20.85281524582265
IWM,50,0.0,82.32589164733272
IWM,50,0.25,54.14917963479086
IWM,50,0.5,45.62862403821958
IWM,50,0.75,29.227344109464592
IWM,50,1.0,20.85281524582265
AAPL,1,0.0,26.83359855027814
AAPL,1,0.25,26.565216913218226
AAPL,1,0.5,25.90693589954637
AAPL,1,0.75,24.77323361882408
AAPL,1,1.0,24.1752326850506
AAPL,3,0.0,28.68004188168435
AAPL,3,0.25,27.48184587427224
AAPL,3,0.5,26.36386222865851
AAPL,3,0.75,24.88624067091136
AAPL,3,1.0,24.1752326850506
AAPL,5,0.0,32.688734884080745
AAPL,5,0.25,30.748064937192897
AAPL,5,0.5,28.857681433766484
AAPL,5,0.75,25.871286461165226
AAPL,5,1.0,24.1752326850506
AAPL,8,0.0,38.57930540482939
AAPL,8,0.25,33.40758651474746
AAPL,8,0.5,30.732381190013626
AAPL,8,0.75,26.861364870547373
AAPL,8,1.0,24.1752326850506
AAPL,12,0.0,40.38183960613191
AAPL,12,0.25,34.35182327437585
AAPL,12,0.5,30.933537811883323
AAPL,12,0.75,26.627473970649902
AAPL,12,1.0,24.1752326850506
AAPL,18,0.0,53.07133933515494
AAPL,18,0.25,40.881700770030825
AAPL,18,0.5,34.71220329324455
AAPL,18,0.75,28.645044914391036
AAPL,18,1.0,24.1752326850506
AAPL,25,0.0,56.67157191506471
AAPL,25,0.25,44.64885801945454
AAPL,25,0.5,38.14657857785415
AAPL,25,0.75,31.622013523178566
AAPL,25,1.0,24.1752326850506
AAPL,35,0.0,68.85713279475088
AAPL,35,0.25,48.13728048990348
AAPL,35,0.5,39.46968583844137
AAPL,35,0.75,32.2714012774884
AAPL,35,1.0,24.1752326850506
AAPL,50,0.0,81.2075079429877
AAPL,50,0.25,59.96379255191646
AAPL,50,0.5,42.604506391436914
AAPL,50,0.75,34.53818981469283
AAPL,50,1.0,24.1752326850506
GOOGL,1,0.0,25.446544881134667
GOOGL,1,0.25,24.640046696383052
GOOGL,1,0.5,24.416991145107932
GOOGL,1,0.75,23.252420015321377
GOOGL,1,1.0,22.692416304019833
GOOGL,3,0.0,29.511216724912078
GOOGL,3,0.25,27.692521183635023
GOOGL,3,0.5,25.862175432643543
GOOGL,3,0.75,23.888588622747026
GOOGL,3,1.0,22.692416304019833
GOOGL,5,0.0,32.10627550223259
GOOGL,5,0.25,29.35041122122651
GOOGL,5,0.5,26.66532327073605
GOOGL,5,0.75,24.84545819481043
GOOGL,5,1.0,22.692416304019833
GOOGL,8,0.0,37.64514596687838
GOOGL,8,0.25,33.84416802722105
GOOGL,8,0.5,29.438771832081823
GOOGL,8,0.75,25.617814794817168
GOOGL,8,1.0,22.692416304019833
GOOGL,12,0.0,41.49316669827578
GOOGL,12,0.25,35.09437585480055
GOOGL,12,0.5,29.97403523896399
GOOGL,12,0.75,26.78502708155257
GOOGL,12,1.0,22.692416304019833
GOOGL,18,0.0,54.95038303380983
GOOGL,18,0.25,39.20673284960064
GOOGL,18,0.5,33.28311195214306
GOOGL,18,0.75,27.7655184711745
GOOGL,18,1.0,22.692416304019833
GOOGL,25,0.0,62.76716123235237
GOOGL,25,0.25,41.8738917831384
GOOGL,25,0.5,33.32430214967088
GOOGL,25,0.75,28.555671917136987
GOOGL,25,1.0,22.692416304019833
GOOGL,35,0.0,73.51144108982452
GOOGL,35,0.25,45.18149302732213
GOOGL,35,0.5,34.85594904237015
GOOGL,35,0.75,29.579962408941828
GOOGL,35,1.0,22.692416304019833
GOOGL,50,0.0,87.27488555507689
GOOGL,50,0.25,49.73009901027647
GOOGL,50,0.5,36.28995051935929
GOOGL,50,0.75,31.765148102779673
GOOGL,50,1.0,22.692416304019833
BTC-USD,1,0.0,25.699834646480003
BTC-USD,1,0.25,25.31025234698225
BTC-USD,1,0.5,23.975240116579016
BTC-USD,1,0.75,23.04759942989828
BTC-USD,1,1.0,22.782112249386802
BTC-USD,3,0.0,27.951549727394376
BTC-USD,3,0.25,26.648339312949833
BTC-USD,3,0.5,24.545137312390125
BTC-USD,3,0.75,23.618093978996313
BTC-USD,3,1.0,22.782112249386802
BTC-USD,5,0.0,32.26795748268197
BTC-USD,5,0.25,29.071120026595626
BTC-USD,5,0.5,25.933775360095833
BTC-USD,5,0.75,24.42638176092647
BTC-USD,5,1.0,22.782112249386802
BTC-USD,8,0.0,33.95578481010774
BTC-USD,8,0.25,30.73822465939675
BTC-USD,8,0.5,27.062473785186395
BTC-USD,8,0.75,25.052089843535697
BTC-USD,8,1.0,22.782112249386802
BTC-USD,12,0.0,38.9215425786251
BTC-USD,12,0.25,37.4714323080506
BTC-USD,12,0.5,30.020076339713018
BTC-USD,12,0.75,26.824989854553323
BTC-USD,12,1.0,22.782112249386802
BTC-USD,18,0.0,51.303975859468835
BTC-USD,18,0.25,41.934560349010134
BTC-USD,18,0.5,30.56376140751018
BTC-USD,18,0.75,27.505386141017528
BTC-USD,18,1.0,22.782112249386802
BTC-USD,25,0.0,58.56494494665058
BTC-USD,25,0.25,46.66368331329695
BTC-USD,25,0.5,33.47453783951865
BTC-USD,25,0.75,28.459152364161763
BTC-USD,25,1.0,22.782112249386802
BTC-USD,35,0.0,62.15717767334417
BTC-USD,35,0.25,52.58224235568256
BTC-USD,35,0.5,37.65896608733083
BTC-USD,35,0.75,30.00127409825687
BTC-USD,35,1.0,22.782112249386802
BTC-USD,50,0.0,105.73099874084456
BTC-USD,50,0.25,56.600229501261815
BTC-USD,50,0.5,39.63751146236975
BTC-USD,50,0.75,32.07667749609197
BTC-USD,50,1.0,22.782112249386802
ETH-USD,1,0.0,26.243749175352434
ETH-USD,1,0.25,25.78603481532194
ETH-USD,1,0.5,24.661272732768776
ETH-USD,1,0.75,22.891495730360315
ETH-USD,1,1.0,22.886718222061955
ETH-USD,3,0.0,27.490565546512073
ETH-USD,3,0.25,26.28859895196022
ETH-USD,3,0.5,24.67470231493922
ETH-USD,3,0.75,23.515979940056166
ETH-USD,3,1.0,22.886718222061955
ETH-USD,5,0.0,32.581421105430614
ETH-USD,5,0.25,30.70655489880099
ETH-USD,5,0.5,27.51262651950488
ETH-USD,5,0.75,24.21923347731924
ETH-USD,5,1.0,22.886718222061955
ETH-USD,8,0.0,36.865098010300024
ETH-USD,8,0.25,33.25716954084949
ETH-USD,8,0.5,28.91477635413257
ETH-USD,8,0.75,24.751184442136694
ETH-USD,8,1.0,22.886718222061955
ETH-USD,12,0.0,43.00252522948045
ETH-USD,12,0.25,37.02675022914257
ETH-USD,12,0.5,30.885042660869846
ETH-USD,12,0.75,25.81840600808435
ETH-USD,12,1.0,22.886718222061955
ETH-USD,18,0.0,47.57428794711918
ETH-USD,18,0.25,39.72298756750536
ETH-USD,18,0.5,193.15303904981616
ETH-USD,18,0.75,140.5028596020072
ETH-USD,18,1.0,22.886718222061955
ETH-USD,25,0.0,50.033335672490615
ETH-USD,25,0.25,40.64277151795608
ETH-USD,25,0.5,183.06944720106287
ETH-USD,25,0.75,179.68571004906025
ETH-USD,25,1.0,22.886718222061955
ETH-USD,35,0.0,56.45439838207141
ETH-USD,35,0.25,281.8348464668309
ETH-USD,35,0.5,371.1881786607774
ETH-USD,35,0.75,367.4661043971753
ETH-USD,35,1.0,22.886718222061955
ETH-USD,50,0.0,183.0570392730921
ETH-USD,50,0.25,42.12989723180084
ETH-USD,50,0.5,32.76786860311251
ETH-USD,50,0.75,27.645338954269278
ETH-USD,50,1.0,22.886718222061955
GLD,1,0.0,23.399846640846814
GLD,1,0.25,22.300305608939805
GLD,1,0.5,22.144078279845484
GLD,1,0.75,21.49392138523446
GLD,1,1.0,20.591740192279403
GLD,3,0.0,25.545629121923156
GLD,3,0.25,24.108702015380405
GLD,3,0.5,23.518760971927183
GLD,3,0.75,22.979898242183243
GLD,3,1.0,20.591740192279403
GLD,5,0.0,29.0661150772036
GLD,5,0.25,26.568113768508606
GLD,5,0.5,25.29380642735998
GLD,5,0.75,23.374264652558207
GLD,5,1.0,20.591740192279403
GLD,8,0.0,35.318369857700226
GLD,8,0.25,30.51508661849084
GLD,8,0.5,27.775466698132224
GLD,8,0.75,24.25549423740404
GLD,8,1.0,20.591740192279403
GLD,12,0.0,49.08477721958973
GLD,12,0.25,35.84832423572018
GLD,12,0.5,30.51740890228669
GLD,12,0.75,24.935731950661022
GLD,12,1.0,20.591740192279403
GLD,18,0.0,50.93751943979829
GLD,18,0.25,38.97382017824982
GLD,18,0.5,33.460113430867764
GLD,18,0.75,25.878135040045724
GLD,18,1.0,20.591740192279403
GLD,25,0.0,58.05485316932419
GLD,25,0.25,43.5214929949953
GLD,25,0.5,36.94550606050854
GLD,25,0.75,27.056521154106083
GLD,25,1.0,20.591740192279403
GLD,35,0.0,75.45734804888471
GLD,35,0.25,52.88923515564434
GLD,35,0.5,40.913900997459535
GLD,35,0.75,29.583543699278184
GLD,35,1.0,20.591740192279403
GLD,50,0.0,81.54674001837215
GLD,50,0.25,52.55353337776526
GLD,50,0.5,39.43049175081823
GLD,50,0.75,30.01825018383616
GLD,50,1.0,20.591740192279403
SLV,1,0.0,22.546894936607206
SLV,1,0.25,21.42103286314673
SLV,1,0.5,20.990365149101276
SLV,1,0.75,20.3894365914673
SLV,1,1.0,20.28449159800499
SLV,3,0.0,24.664175112279263
SLV,3,0.25,22.94610473419323
SLV,3,0.5,21.483506798176595
SLV,3,0.75,20.887129827970487
SLV,3,1.0,20.28449159800499
SLV,5,0.0,27.62043448301149
SLV,5,0.25,25.22296813369972
SLV,5,0.5,22.791864792828203
SLV,5,0.75,21.086931318912548
SLV,5,1.0,20.28449159800499
SLV,8,0.0,33.18243908928452
SLV,8,0.25,30.01902492797934
SLV,8,0.5,25.62813163782522
SLV,8,0.75,22.047017164334367
SLV,8,1.0,20.28449159800499
SLV,12,0.0,38.99053273829454
SLV,12,0.25,34.984389462801566
SLV,12,0.5,28.143026073584434
SLV,12,0.75,23.104988453772748
SLV,12,1.0,20.28449159800499
SLV,18,0.0,48.874618868130746
SLV,18,0.25,39.99635999025281
SLV,18,0.5,29.607624640758175
SLV,18,0.75,23.839455348145616
SLV,18,1.0,20.28449159800499
SLV,25,0.0,52.88427091630655
SLV,25,0.25,43.719546538462815
SLV,25,0.5,31.51988875004237
SLV,25,0.75,24.878191582129944
SLV,25,1.0,20.28449159800499
SLV,35,0.0,64.76434100363447
SLV,35,0.25,47.73494290385506
SLV,35,0.5,36.766217915266594
SLV,35,0.75,27.234877482778483
SLV,35,1.0,20.28449159800499
SLV,50,0.0,61.52763941413891
SLV,50,0.25,52.601151542482505
SLV,50,0.5,37.73838054368634
SLV,50,0.75,27.23405800705113
SLV,50,1.0,20.28449159800499
