ticker,n_mu,x,skewness
SPY,1,0.0,2.4496049405376827
SPY,1,0.25,2.396529079532412
SPY,1,0.5,2.3762794221711583
SPY,1,0.75,2.3350732927128495
SPY,1,1.0,2.2606635175375143
SPY,3,0.0,2.6909546801274753
SPY,3,0.25,2.5823759159115736
SPY,3,0.5,2.471547256141474
SPY,3,0.75,2.414790610376329
SPY,3,1.0,2.2606635175375143
SPY,5,0.0,2.798777930861704
SPY,5,0.25,2.7055872206391562
SPY,5,0.5,2.525094893136099
SPY,5,0.75,2.433781053614581
SPY,5,1.0,2.2606635175375143
SPY,8,0.0,2.8985048850393516
SPY,8,0.25,2.8716563101292585
SPY,8,0.5,2.591019743002163
SPY,8,0.75,2.4551171150953617
SPY,8,1.0,2.2606635175375143
SPY,12,0.0,3.1522528478868903
SPY,12,0.25,3.1294797240832395
SPY,12,0.5,2.7127669855421943
SPY,12,0.75,2.4904702141205886
SPY,12,1.0,2.2606635175375143
SPY,18,0.0,3.588601202084837
SPY,18,0.25,3.266984677825549
SPY,18,0.5,2.8787705776981785
SPY,18,0.75,2.5551867333264813
SPY,18,1.0,2.2606635175375143
SPY,25,0.0,4.236686642195188
SPY,25,0.25,3.3388235662267314
SPY,25,0.5,3.0134600218854235
SPY,25,0.75,2.5717266929317777
SPY,25,1.0,2.2606635175375143
SPY,35,0.0,4.438500687059922
SPY,35,0.25,3.507036960678685
SPY,35,0.5,3.026056922642811
SPY,35,0.75,2.60113233162071
SPY,35,1.0,2.2606635175375143
SPY,50,0.0,4.55463666092045
SPY,50,0.25,3.483642857198458
SPY,50,0.5,3.112512787225949
SPY,50,0.75,2.6612129882712963
SPY,50,1.0,2.2606635175375143
QQQ,1,0.0,2.407840926631939
QQQ,1,0.25,2.332993178895454
QQQ,1,0.5,2.3060517401654725
QQQ,1,0.75,2.241711186032379
QQQ,1,1.0,2.2008219909911726
QQQ,3,0.0,2.613390862952627
QQQ,3,0.25,2.520090348761191
QQQ,3,0.5,2.4163573334918427
QQQ,3,0.75,2.2772117742627045
QQQ,3,1.0,2.2008219909911726
QQQ,5,0.0,2.768287580796631
QQQ,5,0.25,2.6477694991873975
QQQ,5,0.5,2.469959261655861
QQQ,5,0.75,2.3329980079384103
QQQ,5,1.0,2.2008219909911726
QQQ,8,0.0,2.966136033781455
QQQ,8,0.25,2.8457481197125336
QQQ,8,0.5,2.510314553043724
QQQ,8,0.75,2.3244841531794935
QQQ,8,1.0,2.2008219909911726
QQQ,12,0.0,3.0394296657623237
QQQ,12,0.25,2.8427229159296297
QQQ,12,0.5,2.4298866275988793
QQQ,12,0.75,2.303825169687306
QQQ,12,1.0,2.2008219909911726
QQQ,18,0.0,3.4365120329429373
QQQ,18,0.25,2.963960147447749
QQQ,18,0.5,2.5190463906999443
QQQ,18,0.75,2.3717816864977217
QQQ,18,1.0,2.2008219909911726
QQQ,25,0.0,4.020187718336852
QQQ,25,0.25,3.41634790739281
QQQ,25,0.5,2.828874567669924
QQQ,25,0.75,2.4112931435672276
QQQ,25,1.0,2.2008219909911726
QQQ,35,0.0,4.308999154334714
QQQ,35,0.25,3.5597065333248668
QQQ,35,0.5,2.9090990878332215
QQQ,35,0.75,2.4558193527401495
QQQ,35,1.0,2.2008219909911726
QQQ,50,0.0,5.319046475624873
QQQ,50,0.25,3.8589478365391563
QQQ,50,0.5,3.0226146655236676
QQQ,50,0.75,2.5030046053748607
QQQ,50,1.0,2.2008219909911726
IWM,1,0.0,2.406840088909093
IWM,1,0.25,2.313676218157526
IWM,1,0.5,2.238658689855787
IWM,1,0.75,2.228328642290861
IWM,1,1.0,2.177144423470145
IWM,3,0.0,2.5632583013915498
IWM,3,0.25,2.427079391552138
IWM,3,0.5,2.3345472629777784
IWM,3,0.75,2.277695538652195
IWM,3,1.0,2.177144423470145
IWM,5,0.0,2.7907663061438175
IWM,5,0.25,2.5635867592416823
IWM,5,0.5,2.4347954854262537
IWM,5,0.75,2.314593551203199
IWM,5,1.0,2.177144423470145
IWM,8,0.0,2.9610424231487826
IWM,8,0.25,2.6528616062655455
IWM,8,0.5,2.494896537036888
IWM,8,0.75,2.323272822168176
IWM,8,1.0,2.177144423470145
IWM,12,0.0,3.1322365165377484
IWM,12,0.25,2.805215241232119
IWM,12,0.5,2.547579935202717
IWM,12,0.75,2.3478543526901188
IWM,12,1.0,2.177144423470145
IWM,18,0.0,3.145698645838183
IWM,18,0.25,2.6774872247718684
IWM,18,0.5,2.7313647613140706
IWM,18,0.75,2.4056808823950924
IWM,18,1.0,2.177144423470145
IWM,25,0.0,3.5159971530225693
IWM,25,0.25,2.977951464774582
IWM,25,0.5,2.7430648248156504
IWM,25,0.75,2.4299319532160317
IWM,25,1.0,2.177144423470145
IWM,35,0.0,3.9317760933599692
IWM,35,0.25,3.0799851870342203
IWM,35,0.5,2.8352726785142317
IWM,35,0.75,2.5188208013715614
IWM,35,1.0,2.177144423470145
IWM,50,0.0,4.4309044145365055
IWM,50,0.25,3.1477168662890356
IWM,50,0.5,3.0674170384660973
IWM,50,0.75,2.594161439836869
IWM,50,1.0,2.177144423470145
AAPL,1,0.0,2.666398741782601
AAPL,1,0.25,2.6343047146313494
AAPL,1,0.5,2.5427140684389076
AAPL,1,0.75,2.4363592305141846
AAPL,1,1.0,2.4133879547937145
AAPL,3,0.0,2.7561400637894007
AAPL,3,0.25,2.670573562198493
AAPL,3,0.5,2.561151718963781
AAPL,3,0.75,2.412620748282322
AAPL,3,1.0,2.4133879547937145
AAPL,5,0.0,2.906614442702626
AAPL,5,0.25,2.7864631330746223
AAPL,5,0.5,2.6694664637936394
AAPL,5,0.75,2.472223462056373
AAPL,5,1.0,2.4133879547937145
AAPL,8,0.0,3.133513336723793
AAPL,8,0.25,2.9042624285119696
AAPL,8,0.5,2.768470658185348
AAPL,8,0.75,2.5164714729187203
AAPL,8,1.0,2.4133879547937145
AAPL,12,0.0,3.300872963585352
AAPL,12,0.25,3.007745536727779
AAPL,12,0.5,2.7578484638658796
AAPL,12,0.75,2.478401149731601
AAPL,12,1.0,2.4133879547937145
AAPL,18,0.0,3.760711110038489
AAPL,18,0.25,3.2397660380906004
AAPL,18,0.5,2.927531022549516
AAPL,18,0.75,2.5809986370397087
AAPL,18,1.0,2.4133879547937145
AAPL,25,0.0,3.719532300438662
AAPL,25,0.25,3.25031537436838
AAPL,25,0.5,3.0099254305650063
AAPL,25,0.75,2.713108964334072
AAPL,25,1.0,2.4133879547937145
AAPL,35,0.0,4.124715226955316
AAPL,35,0.25,3.361738617297082
AAPL,35,0.5,2.944021499909706
AAPL,35,0.75,2.6032474144664683
AAPL,35,1.0,2.4133879547937145
AAPL,50,0.0,4.156949966641579
AAPL,50,0.25,3.5637364361656023
AAPL,50,0.5,3.02303020318403
AAPL,50,0.75,2.729594557916732
AAPL,50,1.0,2.4133879547937145
GOOGL,1,0.0,2.622440920915635
GOOGL,1,0.25,2.5548437401103197
GOOGL,1,0.5,2.5220563554375564
GOOGL,1,0.75,2.3719985753954975
GOOGL,1,1.0,2.3095579851651062
GOOGL,3,0.0,2.8326992926545174
GOOGL,3,0.25,2.712601723457297
GOOGL,3,0.5,2.587036168747123
GOOGL,3,0.75,2.410212727355379
GOOGL,3,1.0,2.3095579851651062
GOOGL,5,0.0,2.8988735733780824
GOOGL,5,0.25,2.7670065728851276
GOOGL,5,0.5,2.5865368786149747
GOOGL,5,0.75,2.458957680052191
GOOGL,5,1.0,2.3095579851651062
GOOGL,8,0.0,3.1919461630844843
GOOGL,8,0.25,3.0031457766221874
GOOGL,8,0.5,2.802471695510819
GOOGL,8,0.75,2.542644355842113
GOOGL,8,1.0,2.3095579851651062
GOOGL,12,0.0,3.2596979839085605
GOOGL,12,0.25,2.9450946593365277
GOOGL,12,0.5,2.730939021277964
GOOGL,12,0.75,2.5603778199137155
GOOGL,12,1.0,2.3095579851651062
GOOGL,18,0.0,3.613364601749282
GOOGL,18,0.25,3.0180221342454296
GOOGL,18,0.5,2.887970344067561
GOOGL,18,0.75,2.5955393000299463
GOOGL,18,1.0,2.3095579851651062
GOOGL,25,0.0,3.9612900379047495
GOOGL,25,0.25,3.151017757670433
GOOGL,25,0.5,2.87471189211475
GOOGL,25,0.75,2.631763188791813
GOOGL,25,1.0,2.3095579851651062
GOOGL,35,0.0,3.9880844829830395
GOOGL,35,0.25,3.1768012671066455
GOOGL,35,0.5,2.9096996638626487
GOOGL,35,0.75,2.657768958102606
GOOGL,35,1.0,2.3095579851651062
GOOGL,50,0.0,4.534596930628801
GOOGL,50,0.25,3.3487060231391816
GOOGL,50,0.5,2.929134342613335
GOOGL,50,0.75,2.767784069236726
GOOGL,50,1.0,2.3095579851651062
BTC-USD,1,0.0,2.685071352664752
BTC-USD,1,0.25,2.610410442604067
BTC-USD,1,0.5,2.4596183324301513
BTC-USD,1,0.75,2.3193488859420683
BTC-USD,1,1.0,2.282143997929723
BTC-USD,3,0.0,2.7137479951015977
BTC-USD,3,0.25,2.6257377929396495
BTC-USD,3,0.5,2.4558599431647647
BTC-USD,3,0.75,2.3620923231151285
BTC-USD,3,1.0,2.282143997929723
BTC-USD,5,0.0,2.8946760373579266
BTC-USD,5,0.25,2.768880698953241
BTC-USD,5,0.5,2.540015285942092
BTC-USD,5,0.75,2.3828021629633693
BTC-USD,5,1.0,2.282143997929723
BTC-USD,8,0.0,2.9294473378465677
BTC-USD,8,0.25,2.785961532370834
BTC-USD,8,0.5,2.5525388744350224
BTC-USD,8,0.75,2.3754427407467635
BTC-USD,8,1.0,2.282143997929723
BTC-USD,12,0.0,3.0911824660732923
BTC-USD,12,0.25,3.153860423441806
BTC-USD,12,0.5,2.704161585963677
BTC-USD,12,0.75,2.4717081332212274
BTC-USD,12,1.0,2.282143997929723
BTC-USD,18,0.0,2.9314325995527377
BTC-USD,18,0.25,2.953459559396906
BTC-USD,18,0.5,2.702642413657486
BTC-USD,18,0.75,2.492927679507282
BTC-USD,18,1.0,2.282143997929723
BTC-USD,25,0.0,3.0834491823984624
BTC-USD,25,0.25,3.176437999010654
BTC-USD,25,0.5,2.7791965819950017
BTC-USD,25,0.75,2.4669173124370256
BTC-USD,25,1.0,2.282143997929723
BTC-USD,35,0.0,3.115437827047853
BTC-USD,35,0.25,3.29210347376088
BTC-USD,35,0.5,2.896131868406687
BTC-USD,35,0.75,2.553210787528958
BTC-USD,35,1.0,2.282143997929723
BTC-USD,50,0.0,3.3417510141459617
BTC-USD,50,0.25,3.2417293091959345
BTC-USD,50,0.5,2.9875216208700928
BTC-USD,50,0.75,2.6417129350791977
BTC-USD,50,1.0,2.282143997929723
ETH-USD,1,0.0,2.6052102751518724
ETH-USD,1,0.25,2.4859846138201465
ETH-USD,1,0.5,2.341364100917333
ETH-USD,1,0.75,2.0707543663810726
ETH-USD,1,1.0,2.0442734653918593
ETH-USD,3,0.0,2.5580511437619755
ETH-USD,3,0.25,2.4269483500462585
ETH-USD,3,0.5,2.28026328549373
ETH-USD,3,0.75,2.1246937143271354
ETH-USD,3,1.0,2.0442734653918593
ETH-USD,5,0.0,2.6004792909246937
ETH-USD,5,0.25,2.405921541892834
ETH-USD,5,0.5,2.2343574043159844
ETH-USD,5,0.75,2.1460895109867435
ETH-USD,5,1.0,2.0442734653918593
ETH-USD,8,0.0,2.6457198915692945
ETH-USD,8,0.25,2.6204725013409926
ETH-USD,8,0.5,2.327245709604816
ETH-USD,8,0.75,2.120979270483405
ETH-USD,8,1.0,2.0442734653918593
ETH-USD,12,0.0,2.7749570279765003
ETH-USD,12,0.25,2.6529827754838657
ETH-USD,12,0.5,2.361447888467539
ETH-USD,12,0.75,2.140871334987743
ETH-USD,12,1.0,2.0442734653918593
ETH-USD,18,0.0,2.755372692984358
ETH-USD,18,0.25,2.6269881354645856
ETH-USD,18,0.5,0.20115894642478502
ETH-USD,18,0.75,1.183587487134989
ETH-USD,18,1.0,2.0442734653918593
ETH-USD,25,0.0,2.7520391049411117
ETH-USD,25,0.25,2.6170541079858105
ETH-USD,25,0.5,0.34228693762102386
ETH-USD,25,0.75,0.3263420572715483
ETH-USD,25,1.0,2.0442734653918593
ETH-USD,35,0.0,3.0247624928996495
ETH-USD,35,0.25,-0.8460722110191226
ETH-USD,35,0.5,-0.35267340745169545
ETH-USD,35,0.75,-0.3705781294841725
ETH-USD,35,1.0,2.0442734653918593
ETH-USD,50,0.0,1.4553410215409748
ETH-USD,50,0.25,2.6167377863763455
ETH-USD,50,0.5,2.2564208620262445
ETH-USD,50,0.75,2.2096013030788373
ETH-USD,50,1.0,2.0442734653918593
GLD,1,0.0,2.37719935748966
GLD,1,0.25,2.2897529309172513
GLD,1,0.5,2.295634195114406
GLD,1,0.75,2.2415333135839717
GLD,1,1.0,2.1310466616017543
GLD,3,0.0,2.4949836419074014
GLD,3,0.25,2.3827907518461355
GLD,3,0.5,2.372438426836768
GLD,3,0.75,2.3207868242450327
GLD,3,1.0,2.1310466616017543
GLD,5,0.0,2.677293320427372
GLD,5,0.25,2.4938799841939603
GLD,5,0.5,2.4392644239020855
GLD,5,0.75,2.326034637342555
GLD,5,1.0,2.1310466616017543
GLD,8,0.0,2.9720547728947033
GLD,8,0.25,2.6538579147261965
GLD,8,0.5,2.543078692451906
GLD,8,0.75,2.3492955101733877
GLD,8,1.0,2.1310466616017543
GLD,12,0.0,3.6543366016838608
GLD,12,0.25,2.962973385382337
GLD,12,0.5,2.715185867923079
GLD,12,0.75,2.3529615039804885
GLD,12,1.0,2.1310466616017543
GLD,18,0.0,3.665281596548287
GLD,18,0.25,3.0553300363850115
GLD,18,0.5,2.8182804692730437
GLD,18,0.75,2.364001686728216
GLD,18,1.0,2.1310466616017543
GLD,25,0.0,3.925349072730645
GLD,25,0.25,3.2581341349041666
GLD,25,0.5,2.9940471680069165
GLD,25,0.75,2.4171943962726483
GLD,25,1.0,2.1310466616017543
GLD,35,0.0,4.4079981734502125
GLD,35,0.25,3.481929453378607
GLD,35,0.5,3.099787110373048
GLD,35,0.75,2.507023102999892
GLD,35,1.0,2.1310466616017543
GLD,50,0.0,4.575718774778242
GLD,50,0.25,3.57351906537634
GLD,50,0.5,3.0897392583384318
GLD,50,0.75,2.514321261835402
GLD,50,1.0,2.1310466616017543
SLV,1,0.0,2.211215534537947
SLV,1,0.25,2.096318358218856
SLV,1,0.5,2.038588252087241
SLV,1,0.75,1.9740741608763426
SLV,1,1.0,1.9456638222896914
SLV,3,0.0,2.3232526601814185
SLV,3,0.25,2.172711112519757
SLV,3,0.5,2.0496893529221047
SLV,3,0.75,2.0024681397873807
SLV,3,1.0,1.9456638222896914
SLV,5,0.0,2.5193847316079245
SLV,5,0.25,2.327848194305119
SLV,5,0.5,2.1419838873958112
SLV,5,0.75,2.0224168087386905
SLV,5,1.0,1.9456638222896914
SLV,8,0.0,2.727076516751977
SLV,8,0.25,2.525183046293067
SLV,8,0.5,2.308338864708339
SLV,8,0.75,2.0792431996786265
SLV,8,1.0,1.9456638222896914
SLV,12,0.0,2.9103512592307577
SLV,12,0.25,2.703140733640591
SLV,12,0.5,2.397927493732405
SLV,12,0.75,2.115000093023133
SLV,12,1.0,1.9456638222896914
SLV,18,0.0,3.4334859179096004
SLV,18,0.25,3.0279949190013453
SLV,18,0.5,2.4875382508602097
SLV,18,0.75,2.1556301848963115
SLV,18,1.0,1.9456638222896914
SLV,25,0.0,3.4313928299654424
SLV,25,0.25,3.0043681678672574
SLV,25,0.5,2.5450040809123866
SLV,25,0.75,2.19127503069966
SLV,25,1.0,1.9456638222896914
SLV,35,0.0,3.9163824395522298
SLV,35,0.25,3.133556525258039
SLV,35,0.5,2.7746195431907537
SLV,35,0.75,2.300746159559134
SLV,35,1.0,1.9456638222896914
SLV,50,0.0,3.6959123491347605
SLV,50,0.25,3.3765400279091007
SLV,50,0.5,2.831812090432025
SLV,50,0.75,2.3175156699628503
SLV,50,1.0,1.9456638222896914
