ticker,n_mu,x,std_returns
SPY,1,0.0,1.1417059858073757
SPY,1,0.25,1.1615272663905825
SPY,1,0.5,1.1665086476000661
SPY,1,0.75,1.1771105830993012
SPY,1,1.0,1.18943298530006
SPY,3,0.0,1.0728239649013298
SPY,3,0.25,1.0873210791151922
SPY,3,0.5,1.1318351665458628
SPY,3,0.75,1.1494381211413816
SPY,3,1.0,1.18943298530006
SPY,5,0.0,1.0159736052937003
SPY,5,0.25,1.0353155312185296
SPY,5,0.5,1.1016226440804446
SPY,5,0.75,1.1344092422329413
SPY,5,1.0,1.18943298530006
SPY,8,0.0,0.9574540454350714
SPY,8,0.25,0.9937525928021597
SPY,8,0.5,1.0786500228211757
SPY,8,0.75,1.117727824472379
SPY,8,1.0,1.18943298530006
SPY,12,0.0,0.902226168692765
SPY,12,0.25,0.9266902585785219
SPY,12,0.5,1.0398310193426632
SPY,12,0.75,1.1031489018024843
SPY,12,1.0,1.18943298530006
SPY,18,0.0,0.7833753079634729
SPY,18,0.25,0.8544785301180545
SPY,18,0.5,0.972337885997745
SPY,18,0.75,1.0644349333589023
SPY,18,1.0,1.18943298530006
SPY,25,0.0,0.6792715758645803
SPY,25,0.25,0.8262059627334241
SPY,25,0.5,0.9381799605886489
SPY,25,0.75,1.0570300909808596
SPY,25,1.0,1.18943298530006
SPY,35,0.0,0.6646124194561988
SPY,35,0.25,0.8087640461552374
SPY,35,0.5,0.9415152225500202
SPY,35,0.75,1.0590364544395816
SPY,35,1.0,1.18943298530006
SPY,50,0.0,0.6577691354484071
SPY,50,0.25,0.7950118832219925
SPY,50,0.5,0.899245475158018
SPY,50,0.75,1.031854546940889
SPY,50,1.0,1.18943298530006
QQQ,1,0.0,1.17971593906757
QQQ,1,0.25,1.18655766451284
QQQ,1,0.5,1.189330152581955
QQQ,1,0.75,1.1957044999932305
QQQ,1,1.0,1.2063191944946954
QQQ,3,0.0,1.1180011311601559
QQQ,3,0.25,1.1313698959180738
QQQ,3,0.5,1.155856953710665
QQQ,3,0.75,1.1811554498505152
QQQ,3,1.0,1.2063191944946954
QQQ,5,0.0,1.0595546161293277
QQQ,5,0.25,1.0823436476528443
QQQ,5,0.5,1.120047881046588
QQQ,5,0.75,1.163244342815938
QQQ,5,1.0,1.2063191944946954
QQQ,8,0.0,1.007966490293658
QQQ,8,0.25,1.0193876131506796
QQQ,8,0.5,1.0978025506717455
QQQ,8,0.75,1.155044901848182
QQQ,8,1.0,1.2063191944946954
QQQ,12,0.0,0.9343543641113664
QQQ,12,0.25,0.9655408974246577
QQQ,12,0.5,1.0749388223735306
QQQ,12,0.75,1.1457037338887652
QQQ,12,1.0,1.2063191944946954
QQQ,18,0.0,0.8188002469966135
QQQ,18,0.25,0.9305581227820561
QQQ,18,0.5,1.0624870117527063
QQQ,18,0.75,1.1175731687386268
QQQ,18,1.0,1.2063191944946954
QQQ,25,0.0,0.7255741934494969
QQQ,25,0.25,0.8178428117246419
QQQ,25,0.5,0.974664298398411
QQQ,25,0.75,1.1017889863052577
QQQ,25,1.0,1.2063191944946954
QQQ,35,0.0,0.6969839634776042
QQQ,35,0.25,0.7942996955919903
QQQ,35,0.5,0.9493072960781159
QQQ,35,0.75,1.0791629044611117
QQQ,35,1.0,1.2063191944946954
QQQ,50,0.0,0.5701389570325164
QQQ,50,0.25,0.7515243750374644
QQQ,50,0.5,0.9224582305755987
QQQ,50,0.75,1.0647547714071395
QQQ,50,1.0,1.2063191944946954
IWM,1,0.0,1.2601455187046733
IWM,1,0.25,1.2715502722867622
IWM,1,0.5,1.276595563915565
IWM,1,0.75,1.2701912327885603
IWM,1,1.0,1.3005137691624933
IWM,3,0.0,1.1968853715492107
IWM,3,0.25,1.2246146291337585
IWM,3,0.5,1.2454173016848056
IWM,3,0.75,1.256990880874005
IWM,3,1.0,1.3005137691624933
IWM,5,0.0,1.1178250930019293
IWM,5,0.25,1.1756436038690516
IWM,5,0.5,1.20438055330109
IWM,5,0.75,1.2429573024565168
IWM,5,1.0,1.3005137691624933
IWM,8,0.0,1.0447336713565643
IWM,8,0.25,1.1194218067872361
IWM,8,0.5,1.1857959451979851
IWM,8,0.75,1.2370063425932
IWM,8,1.0,1.3005137691624933
IWM,12,0.0,0.9675082918199073
IWM,12,0.25,1.0488202706235377
IWM,12,0.5,1.13192585875662
IWM,12,0.75,1.2219276799142305
IWM,12,1.0,1.3005137691624933
IWM,18,0.0,0.878502636936665
IWM,18,0.25,0.9791004468775549
IWM,18,0.5,1.055414795826473
IWM,18,0.75,1.1812486672223272
IWM,18,1.0,1.3005137691624933
IWM,25,0.0,0.8231381714264691
IWM,25,0.25,0.9293218043954533
IWM,25,0.5,1.0389783731895295
IWM,25,0.75,1.1612614631929212
IWM,25,1.0,1.3005137691624933
IWM,35,0.0,0.7293148593881901
IWM,35,0.25,0.8716813078835988
IWM,35,0.5,0.9744641303274921
IWM,35,0.75,1.1475842234453462
IWM,35,1.0,1.3005137691624933
IWM,50,0.0,0.694389218191577
IWM,50,0.25,0.8697208469983192
IWM,50,0.5,0.9171342886777438
IWM,50,0.75,1.0999550881534421
IWM,50,1.0,1.3005137691624933
AAPL,1,0.0,1.1858215447133766
AAPL,1,0.25,1.1894586382331105
AAPL,1,0.5,1.19356133996781
AAPL,1,0.75,1.2050794465751224
AAPL,1,1.0,1.2181890148199388
AAPL,3,0.0,1.1608632723310661
AAPL,3,0.25,1.1776996921919218
AAPL,3,0.5,1.1883522618271722
AAPL,3,0.75,1.2057416183381362
AAPL,3,1.0,1.2181890148199388
AAPL,5,0.0,1.0850832601633609
AAPL,5,0.25,1.1107871443777644
AAPL,5,0.5,1.1396677631342205
AAPL,5,0.75,1.1866847777424787
AAPL,5,1.0,1.2181890148199388
AAPL,8,0.0,1.0060483198535897
AAPL,8,0.25,1.0714335388632583
AAPL,8,0.5,1.1102395672537049
AAPL,8,0.75,1.1725782756556307
AAPL,8,1.0,1.2181890148199388
AAPL,12,0.0,0.9957556299724063
AAPL,12,0.25,1.06482581759272
AAPL,12,0.5,1.0955870223501893
AAPL,12,0.75,1.1715893882227888
AAPL,12,1.0,1.2181890148199388
AAPL,18,0.0,0.8755085659896681
AAPL,18,0.25,0.980934483509475
AAPL,18,0.5,1.044332636336692
AAPL,18,0.75,1.139937168044032
AAPL,18,1.0,1.2181890148199388
AAPL,25,0.0,0.8378368177331587
AAPL,25,0.25,0.9326471715659985
AAPL,25,0.5,1.0014603298503146
AAPL,25,0.75,1.0990267630564678
AAPL,25,1.0,1.2181890148199388
AAPL,35,0.0,0.7904549644672212
AAPL,35,0.25,0.9247666458749556
AAPL,35,0.5,0.9880024987304784
AAPL,35,0.75,1.0824535783753988
AAPL,35,1.0,1.2181890148199388
AAPL,50,0.0,0.7029786790718378
AAPL,50,0.25,0.8197035884596025
AAPL,50,0.5,0.9416451847667963
AAPL,50,0.75,1.041613809895667
AAPL,50,1.0,1.2181890148199388
GOOGL,1,0.0,1.3214998316760727
GOOGL,1,0.25,1.3336307442806126
GOOGL,1,0.5,1.3349870335686498
GOOGL,1,0.75,1.3550553946415984
GOOGL,1,1.0,1.3672520214131134
GOOGL,3,0.0,1.2046227378579755
GOOGL,3,0.25,1.237997197189025
GOOGL,3,0.5,1.2803920735988286
GOOGL,3,0.75,1.3310220533303105
GOOGL,3,1.0,1.3672520214131134
GOOGL,5,0.0,1.129984682150416
GOOGL,5,0.25,1.1783638832275771
GOOGL,5,0.5,1.229239443890187
GOOGL,5,0.75,1.2998846969622455
GOOGL,5,1.0,1.3672520214131134
GOOGL,8,0.0,1.061828848578302
GOOGL,8,0.25,1.1072745205266108
GOOGL,8,0.5,1.1977946755203785
GOOGL,8,0.75,1.285911362427855
GOOGL,8,1.0,1.3672520214131134
GOOGL,12,0.0,0.9928547310954849
GOOGL,12,0.25,1.0691802802205883
GOOGL,12,0.5,1.150631334144515
GOOGL,12,0.75,1.2467876174369839
GOOGL,12,1.0,1.3672520214131134
GOOGL,18,0.0,0.8592360361554747
GOOGL,18,0.25,1.0104271157618065
GOOGL,18,0.5,1.1163533358289741
GOOGL,18,0.75,1.2267748039887856
GOOGL,18,1.0,1.3672520214131134
GOOGL,25,0.0,0.8128850114596361
GOOGL,25,0.25,0.9858494758852491
GOOGL,25,0.5,1.1087662073625328
GOOGL,25,0.75,1.212378477587863
GOOGL,25,1.0,1.3672520214131134
GOOGL,35,0.0,0.7652734533668221
GOOGL,35,0.25,0.956581195433582
GOOGL,35,0.5,1.0920022515192838
GOOGL,35,0.75,1.1952113473189703
GOOGL,35,1.0,1.3672520214131134
GOOGL,50,0.0,0.6858998945659458
GOOGL,50,0.25,0.897339126232191
GOOGL,50,0.5,1.0508358208228314
GOOGL,50,0.75,1.1556700972941112
GOOGL,50,1.0,1.3672520214131134
BTC-USD,1,0.0,1.295411441576065
BTC-USD,1,0.25,1.284421219209539
BTC-USD,1,0.5,1.2986479855169994
BTC-USD,1,0.75,1.298699883720408
BTC-USD,1,1.0,1.297863650205228
BTC-USD,3,0.0,1.2368188176832915
BTC-USD,3,0.25,1.2384139471805762
BTC-USD,3,0.5,1.2786858083704846
BTC-USD,3,0.75,1.2906995648569861
BTC-USD,3,1.0,1.297863650205228
BTC-USD,5,0.0,1.155511646029472
BTC-USD,5,0.25,1.1950648664381316
BTC-USD,5,0.5,1.253948657703151
BTC-USD,5,0.75,1.2660761374595866
BTC-USD,5,1.0,1.297863650205228
BTC-USD,8,0.0,1.1119352989364872
BTC-USD,8,0.25,1.1394732199355806
BTC-USD,8,0.5,1.2117419166537218
BTC-USD,8,0.75,1.2384938489821435
BTC-USD,8,1.0,1.297863650205228
BTC-USD,12,0.0,1.0388233268064992
BTC-USD,12,0.25,1.048350938013739
BTC-USD,12,0.5,1.1586508439008152
BTC-USD,12,0.75,1.2031957922762837
BTC-USD,12,1.0,1.297863650205228
BTC-USD,18,0.0,0.9682294664272275
BTC-USD,18,0.25,1.0067246002759345
BTC-USD,18,0.5,1.1380394749808784
BTC-USD,18,0.75,1.1861242882879826
BTC-USD,18,1.0,1.297863650205228
BTC-USD,25,0.0,0.8960872405990236
BTC-USD,25,0.25,0.9657787536130472
BTC-USD,25,0.5,1.0851123757739902
BTC-USD,25,0.75,1.157077928863927
BTC-USD,25,1.0,1.297863650205228
BTC-USD,35,0.0,0.8600793499109561
BTC-USD,35,0.25,0.9020447519332295
BTC-USD,35,0.5,1.0175560988057448
BTC-USD,35,0.75,1.1293995571263789
BTC-USD,35,1.0,1.297863650205228
BTC-USD,50,0.0,0.7153780581100215
BTC-USD,50,0.25,0.8557484891982342
BTC-USD,50,0.5,0.9918668520182639
BTC-USD,50,0.75,1.0961519458677962
BTC-USD,50,1.0,1.297863650205228
ETH-USD,1,0.0,1.343820007097455
ETH-USD,1,0.25,1.328864413595041
ETH-USD,1,0.5,1.3336505684852942
ETH-USD,1,0.75,1.3077270027878256
ETH-USD,1,1.0,1.314855729392847
ETH-USD,3,0.0,1.2621356700832707
ETH-USD,3,0.25,1.268256068999787
ETH-USD,3,0.5,1.2924896275010378
ETH-USD,3,0.75,1.295483942548435
ETH-USD,3,1.0,1.314855729392847
ETH-USD,5,0.0,1.2121988686316045
ETH-USD,5,0.25,1.2238620108525262
ETH-USD,5,0.5,1.2771939917284627
ETH-USD,5,0.75,1.2803420907780796
ETH-USD,5,1.0,1.314855729392847
ETH-USD,8,0.0,1.1800970871566372
ETH-USD,8,0.25,1.1993233571616566
ETH-USD,8,0.5,1.2576560372982362
ETH-USD,8,0.75,1.2641898967746474
ETH-USD,8,1.0,1.314855729392847
ETH-USD,12,0.0,1.0515592650161387
ETH-USD,12,0.25,1.0888156707388637
ETH-USD,12,0.5,1.1874610228362688
ETH-USD,12,0.75,1.2339994980818132
ETH-USD,12,1.0,1.314855729392847
ETH-USD,18,0.0,0.9826862074007723
ETH-USD,18,0.25,1.0314804266962654
ETH-USD,18,0.5,0.9175133688460715
ETH-USD,18,0.75,0.9589741326352286
ETH-USD,18,1.0,1.314855729392847
ETH-USD,25,0.0,0.9428820566441276
ETH-USD,25,0.25,1.0205223960944372
ETH-USD,25,0.5,0.9604567747160176
ETH-USD,25,0.75,0.9809128977612692
ETH-USD,25,1.0,1.314855729392847
ETH-USD,35,0.0,0.9324595909313231
ETH-USD,35,0.25,0.8131331950392372
ETH-USD,35,0.5,1.1609707392432658
ETH-USD,35,0.75,1.1864630011531456
ETH-USD,35,1.0,1.314855729392847
ETH-USD,50,0.0,0.7973922800074306
ETH-USD,50,0.25,1.0039247036907393
ETH-USD,50,0.5,1.1231237963817489
ETH-USD,50,0.75,1.1900811507682156
ETH-USD,50,1.0,1.314855729392847
GLD,1,0.0,1.2526789216670624
GLD,1,0.25,1.274333119079766
GLD,1,0.5,1.2791944699350954
GLD,1,0.75,1.296090593095734
GLD,1,1.0,1.3171113826955632
GLD,3,0.0,1.1981862069172158
GLD,3,0.25,1.229293906331191
GLD,3,0.5,1.2469645009139478
GLD,3,0.75,1.2577191438646669
GLD,3,1.0,1.3171113826955632
GLD,5,0.0,1.1196737001194965
GLD,5,0.25,1.1650475888497538
GLD,5,0.5,1.1967936101072876
GLD,5,0.75,1.248795811714507
GLD,5,1.0,1.3171113826955632
GLD,8,0.0,1.02102303032064
GLD,8,0.25,1.087885226318804
GLD,8,0.5,1.1381774723360658
GLD,8,0.75,1.222363625092592
GLD,8,1.0,1.3171113826955632
GLD,12,0.0,0.8795160010758701
GLD,12,0.25,1.0153577003686776
GLD,12,0.5,1.0998957032616448
GLD,12,0.75,1.2044053225721285
GLD,12,1.0,1.3171113826955632
GLD,18,0.0,0.8569919588096422
GLD,18,0.25,0.971101894658379
GLD,18,0.5,1.0496962686224565
GLD,18,0.75,1.1826999668685196
GLD,18,1.0,1.3171113826955632
GLD,25,0.0,0.8069437708354302
GLD,25,0.25,0.9181180020985105
GLD,25,0.5,0.9946110055745856
GLD,25,0.75,1.1554465582055646
GLD,25,1.0,1.3171113826955632
GLD,35,0.0,0.7116690311472366
GLD,35,0.25,0.8380633838555922
GLD,35,0.5,0.9477547362814978
GLD,35,0.75,1.1104972023676603
GLD,35,1.0,1.3171113826955632
GLD,50,0.0,0.6990941326590926
GLD,50,0.25,0.8404726038700404
GLD,50,0.5,0.9662906784502884
GLD,50,0.75,1.108447453935992
GLD,50,1.0,1.3171113826955632
SLV,1,0.0,1.3626542632081389
SLV,1,0.25,1.3891324538374377
SLV,1,0.5,1.3924510455400305
SLV,1,0.75,1.4088910035857447
SLV,1,1.0,1.405376913458169
SLV,3,0.0,1.2984602933218516
SLV,3,0.25,1.3407664878081764
SLV,3,0.5,1.3754121891202205
SLV,3,0.75,1.3852896614910388
SLV,3,1.0,1.405376913458169
SLV,5,0.0,1.2274877801922628
SLV,5,0.25,1.2807920202060938
SLV,5,0.5,1.3353458722821807
SLV,5,0.75,1.3785613301138866
SLV,5,1.0,1.405376913458169
SLV,8,0.0,1.1271039496050674
SLV,8,0.25,1.1794203958398544
SLV,8,0.5,1.2566754048371802
SLV,8,0.75,1.34993657369545
SLV,8,1.0,1.405376913458169
SLV,12,0.0,1.0338571934021388
SLV,12,0.25,1.0783038150960143
SLV,12,0.5,1.1890453462582735
SLV,12,0.75,1.3180599391491903
SLV,12,1.0,1.405376913458169
SLV,18,0.0,0.9268641915831918
SLV,18,0.25,1.0136868704807254
SLV,18,0.5,1.1666497707284422
SLV,18,0.75,1.29935625469414
SLV,18,1.0,1.405376913458169
SLV,25,0.0,0.886502029667051
SLV,25,0.25,0.9647653614945462
SLV,25,0.5,1.126782387623636
SLV,25,0.75,1.2728886848649306
SLV,25,1.0,1.405376913458169
SLV,35,0.0,0.8247017216939377
SLV,35,0.25,0.9311124417833682
SLV,35,0.5,1.037955002988894
SLV,35,0.75,1.2231666829267396
SLV,35,1.0,1.405376913458169
SLV,50,0.0,0.8201360952734763
SLV,50,0.25,0.8819259090142441
SLV,50,0.5,1.0214294630796668
SLV,50,0.75,1.21760823408139
SLV,50,1.0,1.405376913458169
