ticker,n_mu,x,profit_factor
SPY,1,0.0,1.419199606880116
SPY,1,0.25,1.4344156442134164
SPY,1,0.5,1.438471087022087
SPY,1,0.75,1.4469057682119038
SPY,1,1.0,1.4556932266680118
SPY,3,0.0,1.4185721506291502
SPY,3,0.25,1.4317284693852577
SPY,3,0.5,1.4441052603615665
SPY,3,0.75,1.4557568472197093
SPY,3,1.0,1.4556932266680118
SPY,5,0.0,1.3875776685742016
SPY,5,0.25,1.4106244349631378
SPY,5,0.5,1.440274280522824
SPY,5,0.75,1.4537864971578598
SPY,5,1.0,1.4556932266680118
SPY,8,0.0,1.3718026936641634
SPY,8,0.25,1.4039387996477426
SPY,8,0.5,1.437196976020008
SPY,8,0.75,1.4454273933322141
SPY,8,1.0,1.4556932266680118
SPY,12,0.0,1.3607872123588345
SPY,12,0.25,1.398188329572796
SPY,12,0.5,1.439428549492389
SPY,12,0.75,1.4453253262236876
SPY,12,1.0,1.4556932266680118
SPY,18,0.0,1.2993297122136622
SPY,18,0.25,1.351052104599235
SPY,18,0.5,1.4087168178464118
SPY,18,0.75,1.4188588467972612
SPY,18,1.0,1.4556932266680118
SPY,25,0.0,1.27410077974307
SPY,25,0.25,1.3318710073808788
SPY,25,0.5,1.3941336500452859
SPY,25,0.75,1.4081564349592164
SPY,25,1.0,1.4556932266680118
SPY,35,0.0,1.261244787179529
SPY,35,0.25,1.3088941714077518
SPY,35,0.5,1.3668862086982345
SPY,35,0.75,1.399749551667578
SPY,35,1.0,1.4556932266680118
SPY,50,0.0,1.26659424790808
SPY,50,0.25,1.2890867016021665
SPY,50,0.5,1.3454611361566287
SPY,50,0.75,1.3910913972320393
SPY,50,1.0,1.4556932266680118
QQQ,1,0.0,1.399184071637496
QQQ,1,0.25,1.4018857889112113
QQQ,1,0.5,1.411515432690077
QQQ,1,0.75,1.4113409832049353
QQQ,1,1.0,1.4135810434103577
QQQ,3,0.0,1.3896565595872452
QQQ,3,0.25,1.3965340466956426
QQQ,3,0.5,1.411508504242702
QQQ,3,0.75,1.4063707546142974
QQQ,3,1.0,1.4135810434103577
QQQ,5,0.0,1.3756521627661524
QQQ,5,0.25,1.382568787078754
QQQ,5,0.5,1.393319556342057
QQQ,5,0.75,1.403345644049118
QQQ,5,1.0,1.4135810434103577
QQQ,8,0.0,1.344201865808049
QQQ,8,0.25,1.3630370426068914
QQQ,8,0.5,1.3707353453526692
QQQ,8,0.75,1.3940533501909866
QQQ,8,1.0,1.4135810434103577
QQQ,12,0.0,1.3036445491038025
QQQ,12,0.25,1.33199034560808
QQQ,12,0.5,1.3399465584144419
QQQ,12,0.75,1.3808434724180054
QQQ,12,1.0,1.4135810434103577
QQQ,18,0.0,1.2729767388016926
QQQ,18,0.25,1.307039650052157
QQQ,18,0.5,1.3330294644009424
QQQ,18,0.75,1.3801111558537669
QQQ,18,1.0,1.4135810434103577
QQQ,25,0.0,1.233491370009692
QQQ,25,0.25,1.2861414606534423
QQQ,25,0.5,1.3383127480095742
QQQ,25,0.75,1.3649356455936166
QQQ,25,1.0,1.4135810434103577
QQQ,35,0.0,1.2266758422565072
QQQ,35,0.25,1.2665425824770942
QQQ,35,0.5,1.3335443398818538
QQQ,35,0.75,1.356692979092192
QQQ,35,1.0,1.4135810434103577
QQQ,50,0.0,1.1995051322000727
QQQ,50,0.25,1.2643497367463583
QQQ,50,0.5,1.326341089684071
QQQ,50,0.75,1.3523242230561001
QQQ,50,1.0,1.4135810434103577
IWM,1,0.0,1.3678010195431423
IWM,1,0.25,1.3649727840365264
IWM,1,0.5,1.359836934116421
IWM,1,0.75,1.3705000392768236
IWM,1,1.0,1.3831659731957826
IWM,3,0.0,1.3590540089119554
IWM,3,0.25,1.3591930437725115
IWM,3,0.5,1.358424787196929
IWM,3,0.75,1.3748040900128984
IWM,3,1.0,1.3831659731957826
IWM,5,0.0,1.3520124736267112
IWM,5,0.25,1.358928674841698
IWM,5,0.5,1.3596770546480776
IWM,5,0.75,1.3722900724565745
IWM,5,1.0,1.3831659731957826
IWM,8,0.0,1.3335348744654894
IWM,8,0.25,1.3456985908107786
IWM,8,0.5,1.3560635680649928
IWM,8,0.75,1.363418827592669
IWM,8,1.0,1.3831659731957826
IWM,12,0.0,1.2843055962334533
IWM,12,0.25,1.3097152658165994
IWM,12,0.5,1.324152416768562
IWM,12,0.75,1.3611251904548787
IWM,12,1.0,1.3831659731957826
IWM,18,0.0,1.2421224615779904
IWM,18,0.25,1.2683429951036842
IWM,18,0.5,1.3218571130566816
IWM,18,0.75,1.3591222706495822
IWM,18,1.0,1.3831659731957826
IWM,25,0.0,1.1929804202312617
IWM,25,0.25,1.2449318320137719
IWM,25,0.5,1.2891838201845014
IWM,25,0.75,1.3439635563725505
IWM,25,1.0,1.3831659731957826
IWM,35,0.0,1.1865366293130684
IWM,35,0.25,1.2300227601986717
IWM,35,0.5,1.2697224228562456
IWM,35,0.75,1.3379174940898106
IWM,35,1.0,1.3831659731957826
IWM,50,0.0,1.2464041766123488
IWM,50,0.25,1.256551435435138
IWM,50,0.5,1.2729543889252064
IWM,50,0.75,1.348307702195516
IWM,50,1.0,1.3831659731957826
AAPL,1,0.0,1.4039604616302206
AAPL,1,0.25,1.4084610769480435
AAPL,1,0.5,1.4116894115284275
AAPL,1,0.75,1.4148828478398825
AAPL,1,1.0,1.430411632062311
AAPL,3,0.0,1.391016265419438
AAPL,3,0.25,1.403575229670933
AAPL,3,0.5,1.4072597617237648
AAPL,3,0.75,1.4060312202780871
AAPL,3,1.0,1.430411632062311
AAPL,5,0.0,1.3646579230219356
AAPL,5,0.25,1.3750747105548415
AAPL,5,0.5,1.3863509404192078
AAPL,5,0.75,1.4017478776243062
AAPL,5,1.0,1.430411632062311
AAPL,8,0.0,1.3483002396236898
AAPL,8,0.25,1.3782462221715261
AAPL,8,0.5,1.3867964352137847
AAPL,8,0.75,1.4049638753758515
AAPL,8,1.0,1.430411632062311
AAPL,12,0.0,1.3393624842812362
AAPL,12,0.25,1.3734119606740631
AAPL,12,0.5,1.3725804785710427
AAPL,12,0.75,1.3931173460397634
AAPL,12,1.0,1.430411632062311
AAPL,18,0.0,1.3114544953382221
AAPL,18,0.25,1.3507030663187731
AAPL,18,0.5,1.372571713484179
AAPL,18,0.75,1.3861586169852267
AAPL,18,1.0,1.430411632062311
AAPL,25,0.0,1.2425678137650906
AAPL,25,0.25,1.2740225967199614
AAPL,25,0.5,1.3286348610557428
AAPL,25,0.75,1.3705650896505535
AAPL,25,1.0,1.430411632062311
AAPL,35,0.0,1.2213306677385545
AAPL,35,0.25,1.2547360779232892
AAPL,35,0.5,1.2918151562686582
AAPL,35,0.75,1.3500220310098543
AAPL,35,1.0,1.430411632062311
AAPL,50,0.0,1.2219420885215013
AAPL,50,0.25,1.258581557583131
AAPL,50,0.5,1.3052981379680315
AAPL,50,0.75,1.356437801102431
AAPL,50,1.0,1.430411632062311
GOOGL,1,0.0,1.3472066774286429
GOOGL,1,0.25,1.3561834221505624
GOOGL,1,0.5,1.3614191797129631
GOOGL,1,0.75,1.3611056091090716
GOOGL,1,1.0,1.3629453297548009
GOOGL,3,0.0,1.3618486502859255
GOOGL,3,0.25,1.369114394210282
GOOGL,3,0.5,1.3676918675344139
GOOGL,3,0.75,1.3632188821057951
GOOGL,3,1.0,1.3629453297548009
GOOGL,5,0.0,1.3399935012966881
GOOGL,5,0.25,1.3586848847027388
GOOGL,5,0.5,1.359920732878571
GOOGL,5,0.75,1.3615040238179985
GOOGL,5,1.0,1.3629453297548009
GOOGL,8,0.0,1.3252762489747554
GOOGL,8,0.25,1.3492919062898208
GOOGL,8,0.5,1.3687806529997613
GOOGL,8,0.75,1.37285253927684
GOOGL,8,1.0,1.3629453297548009
GOOGL,12,0.0,1.309101932991009
GOOGL,12,0.25,1.325893027442905
GOOGL,12,0.5,1.3481139023619229
GOOGL,12,0.75,1.3651127170937023
GOOGL,12,1.0,1.3629453297548009
GOOGL,18,0.0,1.254033113913913
GOOGL,18,0.25,1.2949153880366004
GOOGL,18,0.5,1.340711047161811
GOOGL,18,0.75,1.3441418538809415
GOOGL,18,1.0,1.3629453297548009
GOOGL,25,0.0,1.2633392993937647
GOOGL,25,0.25,1.2769479513993354
GOOGL,25,0.5,1.320623127387166
GOOGL,25,0.75,1.340007410401442
GOOGL,25,1.0,1.3629453297548009
GOOGL,35,0.0,1.231000441978048
GOOGL,35,0.25,1.2583511041435351
GOOGL,35,0.5,1.3182767696378277
GOOGL,35,0.75,1.3352594928963424
GOOGL,35,1.0,1.3629453297548009
GOOGL,50,0.0,1.2338914890849295
GOOGL,50,0.25,1.2418686090563005
GOOGL,50,0.5,1.3017126271077033
GOOGL,50,0.75,1.3369105651939321
GOOGL,50,1.0,1.3629453297548009
BTC-USD,1,0.0,1.4063701293325257
BTC-USD,1,0.25,1.4174184253819269
BTC-USD,1,0.5,1.413449453786586
BTC-USD,1,0.75,1.4143665935445153
BTC-USD,1,1.0,1.420824890408322
BTC-USD,3,0.0,1.3789606882188663
BTC-USD,3,0.25,1.4066189857273033
BTC-USD,3,0.5,1.4040754113407183
BTC-USD,3,0.75,1.4238101874797795
BTC-USD,3,1.0,1.420824890408322
BTC-USD,5,0.0,1.3575708952230767
BTC-USD,5,0.25,1.3976188150710092
BTC-USD,5,0.5,1.3926464076588803
BTC-USD,5,0.75,1.4165091861980226
BTC-USD,5,1.0,1.420824890408322
BTC-USD,8,0.0,1.3423880675816748
BTC-USD,8,0.25,1.390600808280029
BTC-USD,8,0.5,1.3822799990028287
BTC-USD,8,0.75,1.403304519470465
BTC-USD,8,1.0,1.420824890408322
BTC-USD,12,0.0,1.3084640588338783
BTC-USD,12,0.25,1.4019893375056893
BTC-USD,12,0.5,1.3756734897578877
BTC-USD,12,0.75,1.3988178560736155
BTC-USD,12,1.0,1.420824890408322
BTC-USD,18,0.0,1.2793106787273956
BTC-USD,18,0.25,1.3611433428100739
BTC-USD,18,0.5,1.3688404798531224
BTC-USD,18,0.75,1.3984128725844345
BTC-USD,18,1.0,1.420824890408322
BTC-USD,25,0.0,1.2821696371335578
BTC-USD,25,0.25,1.3664906710241835
BTC-USD,25,0.5,1.3501110556436873
BTC-USD,25,0.75,1.3744781678093878
BTC-USD,25,1.0,1.420824890408322
BTC-USD,35,0.0,1.2637715571612433
BTC-USD,35,0.25,1.360026960315022
BTC-USD,35,0.5,1.3443058051941197
BTC-USD,35,0.75,1.3870685345636249
BTC-USD,35,1.0,1.420824890408322
BTC-USD,50,0.0,1.2327297856064285
BTC-USD,50,0.25,1.29961656265218
BTC-USD,50,0.5,1.3522060829150708
BTC-USD,50,0.75,1.391942888801777
BTC-USD,50,1.0,1.420824890408322
ETH-USD,1,0.0,1.3899244490121008
ETH-USD,1,0.25,1.385467142335832
ETH-USD,1,0.5,1.3816252499728436
ETH-USD,1,0.75,1.3741965794026492
ETH-USD,1,1.0,1.3775566141698954
ETH-USD,3,0.0,1.3765022272416365
ETH-USD,3,0.25,1.3803667280203296
ETH-USD,3,0.5,1.3861837682095592
ETH-USD,3,0.75,1.3890817335228238
ETH-USD,3,1.0,1.3775566141698954
ETH-USD,5,0.0,1.3516725879363003
ETH-USD,5,0.25,1.3505639041744475
ETH-USD,5,0.5,1.3645416338006415
ETH-USD,5,0.75,1.3779657032014525
ETH-USD,5,1.0,1.3775566141698954
ETH-USD,8,0.0,1.3159359541229854
ETH-USD,8,0.25,1.3370088864617327
ETH-USD,8,0.5,1.3452158425987664
ETH-USD,8,0.75,1.351178190416564
ETH-USD,8,1.0,1.3775566141698954
ETH-USD,12,0.0,1.3062365266251028
ETH-USD,12,0.25,1.316042126378628
ETH-USD,12,0.5,1.3275692966953234
ETH-USD,12,0.75,1.3356438560557058
ETH-USD,12,1.0,1.3775566141698954
ETH-USD,18,0.0,1.281253519165937
ETH-USD,18,0.25,1.3068430564248756
ETH-USD,18,0.5,1.2108222018836443
ETH-USD,18,0.75,1.243746660152486
ETH-USD,18,1.0,1.3775566141698954
ETH-USD,25,0.0,1.265190339965687
ETH-USD,25,0.25,1.2718593683310582
ETH-USD,25,0.5,1.201771547564489
ETH-USD,25,0.75,1.2317641230337113
ETH-USD,25,1.0,1.3775566141698954
ETH-USD,35,0.0,1.221984070163763
ETH-USD,35,0.25,1.1060094348515965
ETH-USD,35,0.5,1.1046535534528736
ETH-USD,35,0.75,1.1426809115827472
ETH-USD,35,1.0,1.3775566141698954
ETH-USD,50,0.0,1.1772164367588507
ETH-USD,50,0.25,1.2310798259939477
ETH-USD,50,0.5,1.2492882541894754
ETH-USD,50,0.75,1.3301412688100884
ETH-USD,50,1.0,1.3775566141698954
GLD,1,0.0,1.4315695578444518
GLD,1,0.25,1.4300430451069037
GLD,1,0.5,1.4442928784544125
GLD,1,0.75,1.4456218876951263
GLD,1,1.0,1.435981492261081
GLD,3,0.0,1.4169327377502963
GLD,3,0.25,1.4181846262217164
GLD,3,0.5,1.4405217992515678
GLD,3,0.75,1.4402727077104096
GLD,3,1.0,1.435981492261081
GLD,5,0.0,1.4238603558256802
GLD,5,0.25,1.4135138353948349
GLD,5,0.5,1.4313153728172647
GLD,5,0.75,1.434382021361795
GLD,5,1.0,1.435981492261081
GLD,8,0.0,1.390619784369446
GLD,8,0.25,1.3818079434999035
GLD,8,0.5,1.412207444063913
GLD,8,0.75,1.4274986803938339
GLD,8,1.0,1.435981492261081
GLD,12,0.0,1.4109490560006925
GLD,12,0.25,1.3905032188521267
GLD,12,0.5,1.4158696976892255
GLD,12,0.75,1.4080481369403592
GLD,12,1.0,1.435981492261081
GLD,18,0.0,1.3722770311927173
GLD,18,0.25,1.3585008146700919
GLD,18,0.5,1.403234643970693
GLD,18,0.75,1.3939349264910657
GLD,18,1.0,1.435981492261081
GLD,25,0.0,1.3451632231171236
GLD,25,0.25,1.3458895303173242
GLD,25,0.5,1.404602326179787
GLD,25,0.75,1.4022126011657574
GLD,25,1.0,1.435981492261081
GLD,35,0.0,1.3254143245752614
GLD,35,0.25,1.3039441350301963
GLD,35,0.5,1.3907690527951226
GLD,35,0.75,1.396437756053258
GLD,35,1.0,1.435981492261081
GLD,50,0.0,1.3254412376511444
GLD,50,0.25,1.3324584140023896
GLD,50,0.5,1.3936541027534257
GLD,50,0.75,1.3896781010537713
GLD,50,1.0,1.435981492261081
SLV,1,0.0,1.3118674323557415
SLV,1,0.25,1.3083350658631778
SLV,1,0.5,1.3179708992454402
SLV,1,0.75,1.3272174030730934
SLV,1,1.0,1.3313928823543992
SLV,3,0.0,1.2966403876283328
SLV,3,0.25,1.2985762646106582
SLV,3,0.5,1.3106036609580027
SLV,3,0.75,1.3228063960034395
SLV,3,1.0,1.3313928823543992
SLV,5,0.0,1.2938141264025045
SLV,5,0.25,1.299990404907078
SLV,5,0.5,1.3233098663491096
SLV,5,0.75,1.3309977774709465
SLV,5,1.0,1.3313928823543992
SLV,8,0.0,1.2813520525303224
SLV,8,0.25,1.298891257005798
SLV,8,0.5,1.3200766521745806
SLV,8,0.75,1.3321879537405608
SLV,8,1.0,1.3313928823543992
SLV,12,0.0,1.2772180368966723
SLV,12,0.25,1.2828779385936964
SLV,12,0.5,1.305292264670362
SLV,12,0.75,1.3237761289243875
SLV,12,1.0,1.3313928823543992
SLV,18,0.0,1.2689333139213417
SLV,18,0.25,1.278428689966067
SLV,18,0.5,1.2893425787255701
SLV,18,0.75,1.3180081318866466
SLV,18,1.0,1.3313928823543992
SLV,25,0.0,1.2180073751622358
SLV,25,0.25,1.2164110584967924
SLV,25,0.5,1.2771089408793694
SLV,25,0.75,1.311726890776973
SLV,25,1.0,1.3313928823543992
SLV,35,0.0,1.2266682093894719
SLV,35,0.25,1.2169416064403007
SLV,35,0.5,1.2741947506489921
SLV,35,0.75,1.3187576256792273
SLV,35,1.0,1.3313928823543992
SLV,50,0.0,1.183890263792816
SLV,50,0.25,1.2334747300187796
SLV,50,0.5,1.2751058588832684
SLV,50,0.75,1.316158800149983
SLV,50,1.0,1.3313928823543992
