ticker,n_mu,x,win_rate
SPY,1,0.0,0.46473084062582865
SPY,1,0.25,0.46731636170776986
SPY,1,0.5,0.469769291964996
SPY,1,0.75,0.4716918589233625
SPY,1,1.0,0.47487403871652084
SPY,3,0.0,0.46744895253248475
SPY,3,0.25,0.4693715194908512
SPY,3,0.5,0.47149297268629003
SPY,3,0.75,0.4719570405727924
SPY,3,1.0,0.47487403871652084
SPY,5,0.0,0.4689737470167064
SPY,5,0.25,0.471625563511005
SPY,5,0.5,0.4740784937682312
SPY,5,0.75,0.47288517634579685
SPY,5,1.0,0.47487403871652084
SPY,8,0.0,0.470763723150358
SPY,8,0.25,0.4709626093874304
SPY,8,0.5,0.47401219835587377
SPY,8,0.75,0.4696367011402811
SPY,8,1.0,0.47487403871652084
SPY,12,0.0,0.469769291964996
SPY,12,0.25,0.47155926809864757
SPY,12,0.5,0.4748077433041633
SPY,12,0.75,0.4679793158313445
SPY,12,1.0,0.47487403871652084
SPY,18,0.0,0.4726199946963671
SPY,18,0.25,0.46890745160434905
SPY,18,0.5,0.4706974277380005
SPY,18,0.75,0.4620790241315302
SPY,18,1.0,0.47487403871652084
SPY,25,0.0,0.47175815433571994
SPY,25,0.25,0.46797931583134456
SPY,25,0.5,0.4732166534075842
SPY,25,0.75,0.4589631397507293
SPY,25,1.0,0.47487403871652084
SPY,35,0.0,0.4755369928400954
SPY,35,0.25,0.46539379474940334
SPY,35,0.5,0.46400159108989664
SPY,35,0.75,0.4539246884115619
SPY,35,1.0,0.47487403871652084
SPY,50,0.0,0.46917263325377884
SPY,50,0.25,0.4579024131530098
SPY,50,0.5,0.4557146645452135
SPY,50,0.75,0.44895253248475203
SPY,50,1.0,0.47487403871652084
QQQ,1,0.0,0.47315035799522676
QQQ,1,0.25,0.4742773800053037
QQQ,1,0.5,0.47586846990188275
QQQ,1,0.75,0.4763988332007425
QQQ,1,1.0,0.4786528772208963
QQQ,3,0.0,0.4775258552108193
QQQ,3,0.25,0.4763988332007425
QQQ,3,0.5,0.47798992309732163
QQQ,3,0.75,0.47606735613895523
QQQ,3,1.0,0.4786528772208963
QQQ,5,0.0,0.47944842216918593
QQQ,5,0.25,0.47726067356138957
QQQ,5,0.5,0.4763325377883851
QQQ,5,0.75,0.4736807212940865
QQQ,5,1.0,0.4786528772208963
QQQ,8,0.0,0.4764651286130999
QQQ,8,0.25,0.4767966056748873
QQQ,8,0.5,0.473747016706444
QQQ,8,0.75,0.4716918589233625
QQQ,8,1.0,0.4786528772208963
QQQ,12,0.0,0.48223282948819945
QQQ,12,0.25,0.48057544417926285
QQQ,12,0.5,0.4720233359851498
QQQ,12,0.75,0.4676478387695571
QQQ,12,1.0,0.4786528772208963
QQQ,18,0.0,0.48123839830283743
QQQ,18,0.25,0.47798992309732163
QQQ,18,0.5,0.46678599840891016
QQQ,18,0.75,0.46373640944046673
QQQ,18,1.0,0.4786528772208963
QQQ,25,0.0,0.48031026252983294
QQQ,25,0.25,0.47487403871652073
QQQ,25,0.5,0.4706311323256431
QQQ,25,0.75,0.4571068682047203
QQQ,25,1.0,0.4786528772208963
QQQ,35,0.0,0.48674091752850707
QQQ,35,0.25,0.473481835057014
QQQ,35,0.5,0.46698488464598253
QQQ,35,0.75,0.4508750994431186
QQQ,35,1.0,0.4786528772208963
QQQ,50,0.0,0.49018827897109524
QQQ,50,0.25,0.47991249005568815
QQQ,50,0.5,0.4669848846459825
QQQ,50,0.75,0.44676478387695573
QQQ,50,1.0,0.4786528772208963
IWM,1,0.0,0.433107928931318
IWM,1,0.25,0.4346327234155396
IWM,1,0.5,0.43542826836382925
IWM,1,0.75,0.4378811986210554
IWM,1,1.0,0.4410633784142137
IWM,3,0.0,0.4350304958896844
IWM,3,0.25,0.4360249270750464
IWM,3,0.5,0.43609122248740384
IWM,3,0.75,0.43774860779634056
IWM,3,1.0,0.4410633784142137
IWM,5,0.0,0.436820472023336
IWM,5,0.25,0.43489790506496956
IWM,5,0.5,0.43708565367276586
IWM,5,0.75,0.4344338371784673
IWM,5,1.0,0.4410633784142137
IWM,8,0.0,0.4410633784142137
IWM,8,0.25,0.43516308671439935
IWM,8,0.5,0.43635640413683374
IWM,8,0.75,0.43131795279766644
IWM,8,1.0,0.4410633784142137
IWM,12,0.0,0.4376160169716256
IWM,12,0.25,0.43025722619994694
IWM,12,0.5,0.4311853619729515
IWM,12,0.75,0.4280694775921506
IWM,12,1.0,0.4410633784142137
IWM,18,0.0,0.4396048793423495
IWM,18,0.25,0.42468841156192
IWM,18,0.5,0.4297931583134447
IWM,18,0.75,0.42555025192256696
IWM,18,1.0,0.4410633784142137
IWM,25,0.0,0.43244497480774324
IWM,25,0.25,0.42316361707769823
IWM,25,0.5,0.4257491381596394
IWM,25,0.75,0.4221028904799788
IWM,25,1.0,0.4410633784142137
IWM,35,0.0,0.43503049588968445
IWM,35,0.25,0.42482100238663484
IWM,35,0.5,0.426412092283214
IWM,35,0.75,0.41573853089366214
IWM,35,1.0,0.4410633784142137
IWM,50,0.0,0.44086449217714135
IWM,50,0.25,0.43410236011667996
IWM,50,0.5,0.42840095465393796
IWM,50,0.75,0.41825775656324576
IWM,50,1.0,0.4410633784142137
AAPL,1,0.0,0.4399363564041368
AAPL,1,0.25,0.4412622646512862
AAPL,1,0.5,0.4439803765579422
AAPL,1,0.75,0.44570405727923634
AAPL,1,1.0,0.4478255104746751
AAPL,3,0.0,0.43569345001325904
AAPL,3,0.25,0.4386104481569875
AAPL,3,0.5,0.44265446831079286
AAPL,3,0.75,0.4439803765579422
AAPL,3,1.0,0.4478255104746751
AAPL,5,0.0,0.43363829223017764
AAPL,5,0.25,0.43542826836382925
AAPL,5,0.5,0.44238928666136307
AAPL,5,0.75,0.4430522407849377
AAPL,5,1.0,0.4478255104746751
AAPL,8,0.0,0.4329090426942456
AAPL,8,0.25,0.4380137894457703
AAPL,8,0.5,0.4450411031556616
AAPL,8,0.75,0.4435826040837974
AAPL,8,1.0,0.4478255104746751
AAPL,12,0.0,0.431980906921241
AAPL,12,0.25,0.437682312383983
AAPL,12,0.5,0.44384778573322725
AAPL,12,0.75,0.44013524264120923
AAPL,12,1.0,0.4478255104746751
AAPL,18,0.0,0.4314505436223813
AAPL,18,0.25,0.43443383717846723
AAPL,18,0.5,0.44252187748607796
AAPL,18,0.75,0.43635640413683374
AAPL,18,1.0,0.4478255104746751
AAPL,25,0.0,0.4246221161495624
AAPL,25,0.25,0.42979315831344467
AAPL,25,0.5,0.4359586316626889
AAPL,25,0.75,0.4352956775391143
AAPL,25,1.0,0.4478255104746751
AAPL,35,0.0,0.42197029965526384
AAPL,35,0.25,0.4205118005833996
AAPL,35,0.5,0.43005833996287457
AAPL,35,0.75,0.4354282683638293
AAPL,35,1.0,0.4478255104746751
AAPL,50,0.0,0.4287987271280827
AAPL,50,0.25,0.4260806152214267
AAPL,50,0.5,0.43304163351896047
AAPL,50,0.75,0.4375497215592681
AAPL,50,1.0,0.4478255104746751
GOOGL,1,0.0,0.43469901882789713
GOOGL,1,0.25,0.43768231238398303
GOOGL,1,0.5,0.43953858392999196
GOOGL,1,0.75,0.44179262795014584
GOOGL,1,1.0,0.4443118536197295
GOOGL,3,0.0,0.44046671970299656
GOOGL,3,0.25,0.44311853619729513
GOOGL,3,0.5,0.4432511270220101
GOOGL,3,0.75,0.44192521877486074
GOOGL,3,1.0,0.4443118536197295
GOOGL,5,0.0,0.4402015380535667
GOOGL,5,0.25,0.44411296738265715
GOOGL,5,0.5,0.446234420578096
GOOGL,5,0.75,0.4416600371254309
GOOGL,5,1.0,0.4443118536197295
GOOGL,8,0.0,0.4394059931052771
GOOGL,8,0.25,0.4432511270220101
GOOGL,8,0.5,0.4464996022275258
GOOGL,8,0.75,0.4417263325377884
GOOGL,8,1.0,0.4443118536197295
GOOGL,12,0.0,0.44371519490851236
GOOGL,12,0.25,0.4448422169185893
GOOGL,12,0.5,0.44722885176345795
GOOGL,12,0.75,0.442389286661363
GOOGL,12,1.0,0.4443118536197295
GOOGL,18,0.0,0.4449085123309467
GOOGL,18,0.25,0.43814638027048525
GOOGL,18,0.5,0.4471625563511005
GOOGL,18,0.75,0.434699018827897
GOOGL,18,1.0,0.4443118536197295
GOOGL,25,0.0,0.44915141872182446
GOOGL,25,0.25,0.43721824449748076
GOOGL,25,0.5,0.44298594537258024
GOOGL,25,0.75,0.43072129408644916
GOOGL,25,1.0,0.4443118536197295
GOOGL,35,0.0,0.4403341288782816
GOOGL,35,0.25,0.4328427472818881
GOOGL,35,0.5,0.44073190135242646
GOOGL,35,0.75,0.42455582073720494
GOOGL,35,1.0,0.4443118536197295
GOOGL,50,0.0,0.45810129939008215
GOOGL,50,0.25,0.43231238398302835
GOOGL,50,0.5,0.44013524264120923
GOOGL,50,0.75,0.4182577565632459
GOOGL,50,1.0,0.4443118536197295
BTC-USD,1,0.0,0.4285208775654636
BTC-USD,1,0.25,0.4308967748458195
BTC-USD,1,0.5,0.4319583459710848
BTC-USD,1,0.75,0.4330199170963503
BTC-USD,1,1.0,0.43514305934688097
BTC-USD,3,0.0,0.4265493883328279
BTC-USD,3,0.25,0.4308967748458194
BTC-USD,3,0.5,0.4308967748458194
BTC-USD,3,0.75,0.4331715701142453
BTC-USD,3,1.0,0.43514305934688097
BTC-USD,5,0.0,0.42659993933879276
BTC-USD,5,0.25,0.42857142857142866
BTC-USD,5,0.5,0.4261449802851076
BTC-USD,5,0.75,0.4296329996966939
BTC-USD,5,1.0,0.43514305934688097
BTC-USD,8,0.0,0.42675159235668786
BTC-USD,8,0.25,0.4280153675058133
BTC-USD,8,0.5,0.42392073602264685
BTC-USD,8,0.75,0.4285208775654635
BTC-USD,8,1.0,0.43514305934688097
BTC-USD,12,0.0,0.42139318572439594
BTC-USD,12,0.25,0.4290769386310787
BTC-USD,12,0.5,0.42048326761702554
BTC-USD,12,0.75,0.42680214336265293
BTC-USD,12,1.0,0.43514305934688097
BTC-USD,18,0.0,0.42518451117177225
BTC-USD,18,0.25,0.42917804064300874
BTC-USD,18,0.5,0.42316247093317155
BTC-USD,18,0.75,0.42902638762511375
BTC-USD,18,1.0,0.43514305934688097
BTC-USD,25,0.0,0.4313011828935395
BTC-USD,25,0.25,0.4305429178040643
BTC-USD,25,0.5,0.4203316145991305
BTC-USD,25,0.75,0.42761095945809324
BTC-USD,25,1.0,0.43514305934688097
BTC-USD,35,0.0,0.42821757152967344
BTC-USD,35,0.25,0.42523506217773727
BTC-USD,35,0.5,0.41866343140228496
BTC-USD,35,0.75,0.4279648164998484
BTC-USD,35,1.0,0.43514305934688097
BTC-USD,50,0.0,0.3682135274491963
BTC-USD,50,0.25,0.42103932868264077
BTC-USD,50,0.5,0.4133050247699929
BTC-USD,50,0.75,0.42397128702861187
BTC-USD,50,1.0,0.43514305934688097
ETH-USD,1,0.0,0.4260438782731777
ETH-USD,1,0.25,0.4264482863208978
ETH-USD,1,0.5,0.42847032655949846
ETH-USD,1,0.75,0.4295318976847639
ETH-USD,1,1.0,0.43130118289353964
ETH-USD,3,0.0,0.42670104135072284
ETH-USD,3,0.25,0.42685269436861795
ETH-USD,3,0.5,0.4303407137802042
ETH-USD,3,0.75,0.43013850975634416
ETH-USD,3,1.0,0.43130118289353964
ETH-USD,5,0.0,0.4245273480942271
ETH-USD,5,0.25,0.42599332726721256
ETH-USD,5,0.5,0.4294307956728339
ETH-USD,5,0.75,0.42836922454756854
ETH-USD,5,1.0,0.43130118289353964
ETH-USD,8,0.0,0.42154483874229093
ETH-USD,8,0.25,0.42270751187948646
ETH-USD,8,0.5,0.42735820442826816
ETH-USD,8,0.75,0.42634718430896773
ETH-USD,8,1.0,0.43130118289353964
ETH-USD,12,0.0,0.42371853199878684
ETH-USD,12,0.25,0.4241229400465068
ETH-USD,12,0.5,0.42675159235668786
ETH-USD,12,0.75,0.4241229400465069
ETH-USD,12,1.0,0.43130118289353964
ETH-USD,18,0.0,0.42422404205843695
ETH-USD,18,0.25,0.42558891921949255
ETH-USD,18,0.5,0.34516226872914774
ETH-USD,18,0.75,0.34111818825194623
ETH-USD,18,1.0,0.43130118289353964
ETH-USD,25,0.0,0.4182084723485997
ETH-USD,25,0.25,0.4197755535335153
ETH-USD,25,0.5,0.34506116671721765
ETH-USD,25,0.75,0.34121929026387626
ETH-USD,25,1.0,0.43130118289353964
ETH-USD,35,0.0,0.4154787180264887
ETH-USD,35,0.25,0.33581033262561927
ETH-USD,35,0.5,0.26129814983318167
ETH-USD,35,0.75,0.2590739055707208
ETH-USD,35,1.0,0.43130118289353964
ETH-USD,50,0.0,0.3417248003235265
ETH-USD,50,0.25,0.42235365483773135
ETH-USD,50,0.5,0.42877363259528867
ETH-USD,50,0.75,0.42998685673844905
ETH-USD,50,1.0,0.43130118289353964
GLD,1,0.0,0.42793688676743563
GLD,1,0.25,0.42893131795279765
GLD,1,0.5,0.43231238398302835
GLD,1,0.75,0.43410236011667985
GLD,1,1.0,0.43615751789976137
GLD,3,0.0,0.42535136568549453
GLD,3,0.25,0.42707504640678867
GLD,3,0.5,0.43204720233359845
GLD,3,0.75,0.4329090426942456
GLD,3,1.0,0.43615751789976137
GLD,5,0.0,0.43184831609652613
GLD,5,0.25,0.4300583399628746
GLD,5,0.5,0.4332405197560329
GLD,5,0.75,0.4321797931583135
GLD,5,1.0,0.43615751789976137
GLD,8,0.0,0.42992574913815956
GLD,8,0.25,0.426544683107929
GLD,8,0.5,0.4332405197560328
GLD,8,0.75,0.43065499867409174
GLD,8,1.0,0.43615751789976137
GLD,12,0.0,0.43635640413683374
GLD,12,0.25,0.42800318217979316
GLD,12,0.5,0.43072129408644927
GLD,12,0.75,0.4269424555820737
GLD,12,1.0,0.43615751789976137
GLD,18,0.0,0.4322460885706709
GLD,18,0.25,0.42183770883054894
GLD,18,0.5,0.4275391142932909
GLD,18,0.75,0.42362768496420045
GLD,18,1.0,0.43615751789976137
GLD,25,0.0,0.43416865552903733
GLD,25,0.25,0.423693980376558
GLD,25,0.5,0.42727393264386104
GLD,25,0.75,0.4220365950676213
GLD,25,1.0,0.43615751789976137
GLD,35,0.0,0.41315300981172104
GLD,35,0.25,0.39916467780429593
GLD,35,0.5,0.420710686820472
GLD,35,0.75,0.4183903473879607
GLD,35,1.0,0.43615751789976137
GLD,50,0.0,0.4261469106337841
GLD,50,0.25,0.40963935295677545
GLD,50,0.5,0.42634579687085655
GLD,50,0.75,0.4095730575444179
GLD,50,1.0,0.43615751789976137
SLV,1,0.0,0.3890214797136038
SLV,1,0.25,0.390612569610183
SLV,1,0.5,0.3937284539909838
SLV,1,0.75,0.3979713603818616
SLV,1,1.0,0.40188278971095204
SLV,3,0.0,0.38743038981702466
SLV,3,0.25,0.38849111641474404
SLV,3,0.5,0.3910766374966852
SLV,3,0.75,0.39518695306284807
SLV,3,1.0,0.40188278971095204
SLV,5,0.0,0.38849111641474404
SLV,5,0.25,0.38895518430124637
SLV,5,0.5,0.39074516043489793
SLV,5,0.75,0.39551843012463533
SLV,5,1.0,0.40188278971095204
SLV,8,0.0,0.3934632723415539
SLV,8,0.25,0.3955847255369928
SLV,8,0.5,0.39372845399098383
SLV,8,0.75,0.394325112702201
SLV,8,1.0,0.40188278971095204
SLV,12,0.0,0.39962874569079826
SLV,12,0.25,0.40380535666931844
SLV,12,0.5,0.39757358790771674
SLV,12,0.75,0.39657915672235483
SLV,12,1.0,0.40188278971095204
SLV,18,0.0,0.39578361177406524
SLV,18,0.25,0.40075576770087507
SLV,18,0.5,0.3937947494033413
SLV,18,0.75,0.3933969769291965
SLV,18,1.0,0.40188278971095204
SLV,25,0.0,0.39147440997083005
SLV,25,0.25,0.39047997878546803
SLV,25,0.5,0.39193847785733227
SLV,25,0.75,0.39054627419782556
SLV,25,1.0,0.40188278971095204
SLV,35,0.0,0.40141872182444976
SLV,35,0.25,0.38988332007425086
SLV,35,0.5,0.39492177141341817
SLV,35,0.75,0.38617077698223284
SLV,35,1.0,0.40188278971095204
SLV,50,0.0,0.3930654998674092
SLV,50,0.25,0.3926677273932644
SLV,50,0.5,0.3979713603818616
SLV,50,0.75,0.38915407053831874
SLV,50,1.0,0.40188278971095204
